id_cliente,nombre_tienda,subcategoria,monto,metodo_pago,esencial,categoria_principal
USR_391,Burger King,restaurante,21989.6,transferencia,FALSE,Alimentacion
USR_332,Inmobiliaria Sur,alquiler_y_expensas,24880.71,tarjeta_debito,TRUE,Hogar
USR_039,Shell,combustible,69998.77,transferencia,TRUE,Transporte
USR_313,Personal Flow,servicios_basicos,81936.4,transferencia,TRUE,Hogar
USR_128,Transferencia a Juan,transferencias,47475.45,tarjeta_debito,FALSE,Finanzas
USR_008,MercadoPago Transferencia,transferencias,61188.69,efectivo,FALSE,Finanzas
USR_478,Visa Pago Tarjeta,pago_tarjetas,45664.62,tarjeta_credito,TRUE,Finanzas
USR_021,Didi,taxi_y_apps,16593.85,tarjeta_debito,FALSE,Transporte
USR_071,Visa Pago Tarjeta,pago_tarjetas,23099.99,saldo_billetera,TRUE,Finanzas
USR_084,Jumbo,supermercado,6506.54,saldo_billetera,TRUE,Alimentacion
USR_174,Carga SUBE,transporte_publico,56046.63,tarjeta_debito,TRUE,Transporte
USR_069,AFIP,impuestos,76992.8,saldo_billetera,TRUE,Finanzas
USR_415,Metrogas,servicios_basicos,103937.59,efectivo,TRUE,Hogar
USR_372,Zara,indumentaria,31783.02,tarjeta_credito,FALSE,Entretenimiento
USR_105,Adidas,indumentaria,76532.5,transferencia,FALSE,Entretenimiento
USR_066,OSDE,cobertura_medica,84865.56,tarjeta_credito,TRUE,Salud
USR_103,Metrovias,transporte_publico,39396.04,tarjeta_credito,TRUE,Transporte
USR_246,YPF,combustible,70290.13,tarjeta_credito,TRUE,Transporte
USR_380,Autopistas del Sol,peajes,38308.32,saldo_billetera,TRUE,Transporte
USR_231,Centro de Estetica,cuidado_personal,32958.08,efectivo,FALSE,Entretenimiento
USR_176,Hospital Italiano,atencion_medica,119253.69,saldo_billetera,TRUE,Salud
USR_396,Cabify,taxi_y_apps,17032.66,tarjeta_debito,FALSE,Transporte
USR_267,Amex,pago_tarjetas,104847.05,tarjeta_credito,TRUE,Finanzas
USR_094,Dia%,supermercado,22043.13,efectivo,TRUE,Alimentacion
USR_340,Administracion Lopez,alquiler_y_expensas,3099.69,efectivo,TRUE,Hogar
USR_199,Peluqueria Estilos,cuidado_personal,71271.7,tarjeta_debito,FALSE,Entretenimiento
USR_337,Centro de Estetica,cuidado_personal,74090.46,tarjeta_credito,FALSE,Entretenimiento
USR_430,Antares,restaurante,85486.81,transferencia,FALSE,Alimentacion
USR_285,Metrovias,transporte_publico,90245.84,efectivo,TRUE,Transporte
USR_396,PedidosYa,delivery,65499.05,saldo_billetera,FALSE,Alimentacion
USR_141,Carga SUBE,transporte_publico,99875.42,transferencia,TRUE,Transporte
USR_247,Laboratorio,atencion_medica,103257.65,saldo_billetera,TRUE,Salud
USR_438,Autopistas del Sol,peajes,17703.47,tarjeta_debito,TRUE,Transporte
USR_394,AySA,servicios_basicos,24366.5,tarjeta_debito,TRUE,Hogar
USR_161,Farmacity,farmacia,57109.92,tarjeta_credito,TRUE,Salud
USR_381,Montagne,hobbies_y_deportes,104884.94,transferencia,FALSE,Entretenimiento
USR_193,Taller Mecanico,mantenimiento_vehicular,29251.43,saldo_billetera,TRUE,Transporte
USR_204,Transferencia a Juan,transferencias,24131.94,tarjeta_credito,FALSE,Finanzas
USR_432,Edenor,servicios_basicos,8198.2,tarjeta_credito,TRUE,Hogar
USR_113,Burger King,restaurante,100214.55,tarjeta_debito,FALSE,Alimentacion
USR_080,Coto,supermercado,98658.95,tarjeta_credito,TRUE,Alimentacion
USR_294,Vantage,farmacia,59205.12,saldo_billetera,TRUE,Salud
USR_144,Barberia,cuidado_personal,78249.7,efectivo,FALSE,Entretenimiento
USR_307,Inmobiliaria Sur,alquiler_y_expensas,102026.63,transferencia,TRUE,Hogar
USR_370,Barberia,cuidado_personal,63417.13,tarjeta_credito,FALSE,Entretenimiento
USR_477,Inmobiliaria Sur,alquiler_y_expensas,68978.08,efectivo,TRUE,Hogar
USR_231,Envio de dinero,transferencias,111253.28,saldo_billetera,FALSE,Finanzas
USR_477,Hospital Italiano,atencion_medica,5304.77,transferencia,TRUE,Salud
USR_289,Centro de Estetica,cuidado_personal,34986.7,saldo_billetera,FALSE,Entretenimiento
USR_355,Axion,combustible,30198.7,tarjeta_debito,TRUE,Transporte
USR_255,Galeno,cobertura_medica,63721.71,tarjeta_debito,TRUE,Salud
USR_176,Autopistas del Sol,peajes,65242.39,tarjeta_debito,TRUE,Transporte
USR_277,Centro de Estetica,cuidado_personal,40281.52,efectivo,FALSE,Entretenimiento
USR_270,Laboratorio,atencion_medica,84940.72,saldo_billetera,TRUE,Salud
USR_129,Levis,indumentaria,47809.96,transferencia,FALSE,Entretenimiento
USR_306,AUSA Peajes,peajes,109340.46,transferencia,TRUE,Transporte
USR_307,Taller Mecanico,mantenimiento_vehicular,16361.3,saldo_billetera,TRUE,Transporte
USR_495,AFIP,impuestos,50967.86,efectivo,TRUE,Finanzas
USR_498,Administracion Lopez,alquiler_y_expensas,79119.11,tarjeta_credito,TRUE,Hogar
USR_117,Lubricentro,mantenimiento_vehicular,102889.82,saldo_billetera,TRUE,Transporte
USR_466,Hospital Italiano,atencion_medica,85439.26,saldo_billetera,TRUE,Salud
USR_147,Laboratorio,atencion_medica,21111.86,saldo_billetera,TRUE,Salud
USR_478,Amazon Prime,suscripciones_digitales,45461.11,efectivo,FALSE,Entretenimiento
USR_163,Hospital Italiano,atencion_medica,88584,tarjeta_debito,TRUE,Salud
USR_401,Cabify,taxi_y_apps,4995.97,efectivo,FALSE,Transporte
USR_076,Laboratorio,atencion_medica,49290.18,saldo_billetera,TRUE,Salud
USR_452,Ferreteria El Clavo,mantenimiento_y_muebles,34398.7,saldo_billetera,FALSE,Hogar
USR_368,Levis,indumentaria,43634.14,efectivo,FALSE,Entretenimiento
USR_106,HBO Max,suscripciones_digitales,119578.43,efectivo,FALSE,Entretenimiento
USR_274,AUSA Peajes,peajes,19037.14,transferencia,TRUE,Transporte
USR_337,HBO Max,suscripciones_digitales,34249.28,tarjeta_debito,FALSE,Entretenimiento
USR_005,Laboratorio,atencion_medica,73111.59,transferencia,TRUE,Salud
USR_141,Chino El Sol,supermercado,22758.89,tarjeta_credito,TRUE,Alimentacion
USR_473,Granja San Jose,carniceria_y_granja,49454.08,efectivo,TRUE,Alimentacion
USR_134,Transferencia a Juan,transferencias,25381.55,tarjeta_debito,FALSE,Finanzas
USR_258,Peluqueria Estilos,cuidado_personal,22105.98,tarjeta_debito,FALSE,Entretenimiento
USR_349,Laboratorio,atencion_medica,64356.57,tarjeta_credito,TRUE,Salud
USR_077,Canchas de Futbol,hobbies_y_deportes,50164.18,saldo_billetera,FALSE,Entretenimiento
USR_037,Burger King,restaurante,58586.74,tarjeta_credito,FALSE,Alimentacion
USR_245,Centro Medico,atencion_medica,91883.52,tarjeta_debito,TRUE,Salud
USR_298,Farmacia Dr Ahorro,farmacia,39501.56,saldo_billetera,TRUE,Salud
USR_349,ARBA,impuestos,31865.38,efectivo,TRUE,Finanzas
USR_241,Peluqueria Estilos,cuidado_personal,6888.25,tarjeta_credito,FALSE,Entretenimiento
USR_490,Spotify,suscripciones_digitales,78488.37,tarjeta_credito,FALSE,Entretenimiento
USR_009,Mastercard,pago_tarjetas,48733.65,tarjeta_debito,TRUE,Finanzas
USR_411,Carrefour,supermercado,14146.9,transferencia,TRUE,Alimentacion
USR_458,Inmobiliaria Sur,alquiler_y_expensas,79087.56,efectivo,TRUE,Hogar
USR_051,Burger King,restaurante,54255.61,transferencia,FALSE,Alimentacion
USR_464,Nike,indumentaria,3698.74,tarjeta_debito,FALSE,Entretenimiento
USR_091,Sodimac,mantenimiento_y_muebles,52498.31,efectivo,FALSE,Hogar
USR_353,ARBA,impuestos,21668.6,tarjeta_debito,TRUE,Finanzas
USR_107,Burger King,restaurante,23119.04,transferencia,FALSE,Alimentacion
USR_131,HBO Max,suscripciones_digitales,80651.45,saldo_billetera,FALSE,Entretenimiento
USR_106,Steam Games,hobbies_y_deportes,114614.81,efectivo,FALSE,Entretenimiento
USR_420,Amazon Prime,suscripciones_digitales,114507.54,saldo_billetera,FALSE,Entretenimiento
USR_056,Taxi Premium,taxi_y_apps,108277.47,tarjeta_debito,FALSE,Transporte
USR_094,Metrovias,transporte_publico,40930.13,efectivo,TRUE,Transporte
USR_216,Administracion Lopez,alquiler_y_expensas,104203.42,efectivo,TRUE,Hogar
USR_022,Visa Pago Tarjeta,pago_tarjetas,27028.63,tarjeta_credito,TRUE,Finanzas
USR_193,Centro Medico,atencion_medica,49832.12,saldo_billetera,TRUE,Salud
USR_311,Swiss Medical,cobertura_medica,51132.04,tarjeta_credito,TRUE,Salud
USR_300,Burger King,restaurante,81616.43,saldo_billetera,FALSE,Alimentacion
USR_460,YPF,combustible,114815.78,saldo_billetera,TRUE,Transporte
USR_036,Shell,combustible,109219.84,tarjeta_credito,TRUE,Transporte
USR_221,Telepase,peajes,26915.78,transferencia,TRUE,Transporte
USR_153,Barberia,cuidado_personal,93714.61,efectivo,FALSE,Entretenimiento
USR_424,Steam Games,hobbies_y_deportes,75850.95,saldo_billetera,FALSE,Entretenimiento
USR_042,Zara,indumentaria,66104.96,tarjeta_debito,FALSE,Entretenimiento
USR_218,PedidosYa,delivery,115544.27,tarjeta_debito,FALSE,Alimentacion
USR_023,Canchas de Futbol,hobbies_y_deportes,57192.7,tarjeta_debito,FALSE,Entretenimiento
USR_175,Movistar,servicios_basicos,71042.08,efectivo,TRUE,Hogar
USR_417,Farmacity,farmacia,82672.14,tarjeta_debito,TRUE,Salud
USR_397,Shell,combustible,119352.83,transferencia,TRUE,Transporte
USR_323,Galeno,cobertura_medica,10021.81,tarjeta_credito,TRUE,Salud
USR_379,Transferencia a Juan,transferencias,34578.34,tarjeta_credito,FALSE,Finanzas
USR_054,Carniceria Los Hermanos,carniceria_y_granja,36837.93,transferencia,TRUE,Alimentacion
USR_035,Montagne,hobbies_y_deportes,103194.03,efectivo,FALSE,Entretenimiento
USR_278,PedidosYa,delivery,119089.58,tarjeta_credito,FALSE,Alimentacion
USR_258,Centro de Estetica,cuidado_personal,89013.05,transferencia,FALSE,Entretenimiento
USR_146,AySA,servicios_basicos,101959.16,tarjeta_debito,TRUE,Hogar
USR_482,MercadoPago Transferencia,transferencias,26614.61,tarjeta_debito,FALSE,Finanzas
USR_033,Transferencia a Juan,transferencias,24039.53,transferencia,FALSE,Finanzas
USR_405,Galeno,cobertura_medica,56173.4,tarjeta_credito,TRUE,Salud
USR_429,Granja San Jose,carniceria_y_granja,35913.59,tarjeta_credito,TRUE,Alimentacion
USR_242,AFIP,impuestos,54368.26,efectivo,TRUE,Finanzas
USR_434,Carga SUBE,transporte_publico,76714.43,saldo_billetera,TRUE,Transporte
USR_250,Inmobiliaria Sur,alquiler_y_expensas,75725.46,transferencia,TRUE,Hogar
USR_034,AUSA Peajes,peajes,27575.98,tarjeta_debito,TRUE,Transporte
USR_201,Personal Flow,servicios_basicos,5292.92,tarjeta_credito,TRUE,Hogar
USR_221,Farmacity,farmacia,46344.36,tarjeta_debito,TRUE,Salud
USR_203,Swiss Medical,cobertura_medica,63190.88,tarjeta_debito,TRUE,Salud
USR_473,PedidosYa,delivery,103512.99,efectivo,FALSE,Alimentacion
USR_162,Consorcio Edificio,alquiler_y_expensas,97310.91,transferencia,TRUE,Hogar
USR_442,Mastercard,pago_tarjetas,23964.22,tarjeta_credito,TRUE,Finanzas
USR_292,Lubricentro,mantenimiento_vehicular,74518.63,tarjeta_credito,TRUE,Transporte
USR_416,Administracion Lopez,alquiler_y_expensas,73170.3,efectivo,TRUE,Hogar
USR_114,Barberia,cuidado_personal,70815.97,transferencia,FALSE,Entretenimiento
USR_088,Chino El Sol,supermercado,20424.21,tarjeta_debito,TRUE,Alimentacion
USR_446,PedidosYa,delivery,24900.07,tarjeta_debito,FALSE,Alimentacion
USR_058,Shell,combustible,26137.07,transferencia,TRUE,Transporte
USR_034,Inmobiliaria Sur,alquiler_y_expensas,5499.83,transferencia,TRUE,Hogar
USR_346,Shell,combustible,82971.38,transferencia,TRUE,Transporte
USR_481,Ferreteria El Clavo,mantenimiento_y_muebles,104896.07,efectivo,FALSE,Hogar
USR_424,Laboratorio,atencion_medica,61780.67,saldo_billetera,TRUE,Salud
USR_155,Movistar,servicios_basicos,85740.51,saldo_billetera,TRUE,Hogar
USR_258,AGIP,impuestos,46372.51,tarjeta_debito,TRUE,Finanzas
USR_348,Farmacia Dr Ahorro,farmacia,115970.15,efectivo,TRUE,Salud
USR_038,Mastercard,pago_tarjetas,9333.17,tarjeta_debito,TRUE,Finanzas
USR_433,Personal Flow,servicios_basicos,67589.19,tarjeta_credito,TRUE,Hogar
USR_449,Vantage,farmacia,10755.41,saldo_billetera,TRUE,Salud
USR_149,Taller Mecanico,mantenimiento_vehicular,31539.39,tarjeta_debito,TRUE,Transporte
USR_287,AGIP,impuestos,33893.55,transferencia,TRUE,Finanzas
USR_256,Farmacia Dr Ahorro,farmacia,24026.94,efectivo,TRUE,Salud
USR_006,YPF,combustible,65702.09,saldo_billetera,TRUE,Transporte
USR_263,Zara,indumentaria,25732.55,tarjeta_credito,FALSE,Entretenimiento
USR_362,Transferencia a Juan,transferencias,31252.7,tarjeta_debito,FALSE,Finanzas
USR_291,Farmacity,farmacia,14132.89,saldo_billetera,TRUE,Salud
USR_469,Spotify,suscripciones_digitales,98991.25,tarjeta_credito,FALSE,Entretenimiento
USR_308,Spotify,suscripciones_digitales,20490.47,transferencia,FALSE,Entretenimiento
USR_306,Laboratorio,atencion_medica,91515.7,transferencia,TRUE,Salud
USR_319,YPF,combustible,14833.44,tarjeta_debito,TRUE,Transporte
USR_377,Laboratorio,atencion_medica,11729.49,transferencia,TRUE,Salud
USR_048,PedidosYa,delivery,73659.99,tarjeta_credito,FALSE,Alimentacion
USR_367,Movistar,servicios_basicos,49527.77,tarjeta_credito,TRUE,Hogar
USR_266,Mastercard,pago_tarjetas,61001.71,saldo_billetera,TRUE,Finanzas
USR_222,Administracion Lopez,alquiler_y_expensas,111774.2,tarjeta_debito,TRUE,Hogar
USR_273,Metrovias,transporte_publico,118311.04,tarjeta_credito,TRUE,Transporte
USR_095,YPF,combustible,48608.6,tarjeta_credito,TRUE,Transporte
USR_453,Visa Pago Tarjeta,pago_tarjetas,94620.21,tarjeta_credito,TRUE,Finanzas
USR_492,Swiss Medical,cobertura_medica,94324.42,transferencia,TRUE,Salud
USR_481,MercadoPago Transferencia,transferencias,35012.71,tarjeta_debito,FALSE,Finanzas
USR_439,Zara,indumentaria,22251.92,transferencia,FALSE,Entretenimiento
USR_234,Inmobiliaria Sur,alquiler_y_expensas,107490.41,tarjeta_credito,TRUE,Hogar
USR_136,Barberia,cuidado_personal,112280.53,saldo_billetera,FALSE,Entretenimiento
USR_046,Neumaticos,mantenimiento_vehicular,59931.1,tarjeta_credito,TRUE,Transporte
USR_376,Farmacia Dr Ahorro,farmacia,67993.64,saldo_billetera,TRUE,Salud
USR_446,Galeno,cobertura_medica,60131.82,saldo_billetera,TRUE,Salud
USR_047,Carga SUBE,transporte_publico,27246.12,tarjeta_credito,TRUE,Transporte
USR_446,Administracion Lopez,alquiler_y_expensas,117683.54,saldo_billetera,TRUE,Hogar
USR_479,Rappi,delivery,119703.85,efectivo,FALSE,Alimentacion
USR_171,YPF,combustible,61192.55,tarjeta_debito,TRUE,Transporte
USR_448,Centro Medico,atencion_medica,39536.76,tarjeta_credito,TRUE,Salud
USR_012,Vantage,farmacia,101800.46,tarjeta_debito,TRUE,Salud
USR_497,Sodimac,mantenimiento_y_muebles,56757.51,saldo_billetera,FALSE,Hogar
USR_247,AUSA Peajes,peajes,23459.29,transferencia,TRUE,Transporte
USR_154,PedidosYa,delivery,92724.99,efectivo,FALSE,Alimentacion
USR_289,MercadoPago Transferencia,transferencias,79547.53,tarjeta_debito,FALSE,Finanzas
USR_322,Envio de dinero,transferencias,37008.09,tarjeta_credito,FALSE,Finanzas
USR_013,Farmacity,farmacia,102700.41,saldo_billetera,TRUE,Salud
USR_245,Antares,restaurante,30788.44,transferencia,FALSE,Alimentacion
USR_025,Adidas,indumentaria,48501.31,transferencia,FALSE,Entretenimiento
USR_165,MercadoPago Transferencia,transferencias,8928.24,tarjeta_credito,FALSE,Finanzas
USR_451,Amex,pago_tarjetas,24832.66,saldo_billetera,TRUE,Finanzas
USR_368,Envio de dinero,transferencias,52428.49,transferencia,FALSE,Finanzas
USR_017,Burger King,restaurante,30498.4,transferencia,FALSE,Alimentacion
USR_248,Hospital Italiano,atencion_medica,40335.29,tarjeta_debito,TRUE,Salud
USR_095,HBO Max,suscripciones_digitales,16272.14,tarjeta_debito,FALSE,Entretenimiento
USR_203,Amazon Prime,suscripciones_digitales,59825.72,efectivo,FALSE,Entretenimiento
USR_017,OSDE,cobertura_medica,109077.07,tarjeta_credito,TRUE,Salud
USR_104,AGIP,impuestos,92628.29,saldo_billetera,TRUE,Finanzas
USR_176,Inmobiliaria Sur,alquiler_y_expensas,10130.42,tarjeta_debito,TRUE,Hogar
USR_347,Canchas de Futbol,hobbies_y_deportes,4053.15,tarjeta_credito,FALSE,Entretenimiento
USR_304,Movistar,servicios_basicos,56699.12,saldo_billetera,TRUE,Hogar
USR_351,Transferencia a Juan,transferencias,95314.84,transferencia,FALSE,Finanzas
USR_063,Vantage,farmacia,63220.78,efectivo,TRUE,Salud
USR_340,AGIP,impuestos,98767.18,tarjeta_debito,TRUE,Finanzas
USR_190,Carrefour,supermercado,74759.97,transferencia,TRUE,Alimentacion
USR_190,Amazon Prime,suscripciones_digitales,19589.35,saldo_billetera,FALSE,Entretenimiento
USR_379,Steam Games,hobbies_y_deportes,98068.79,efectivo,FALSE,Entretenimiento
USR_228,Consorcio Edificio,alquiler_y_expensas,22278.78,tarjeta_credito,TRUE,Hogar
USR_281,Nike,indumentaria,106453.94,tarjeta_debito,FALSE,Entretenimiento
USR_398,Laboratorio,atencion_medica,89905.2,transferencia,TRUE,Salud
USR_481,Laboratorio,atencion_medica,93627.69,tarjeta_debito,TRUE,Salud
USR_175,MercadoPago Transferencia,transferencias,84044.66,saldo_billetera,FALSE,Finanzas
USR_088,Envio de dinero,transferencias,88824.72,tarjeta_credito,FALSE,Finanzas
USR_169,Inmobiliaria Sur,alquiler_y_expensas,53709.42,transferencia,TRUE,Hogar
USR_296,Centro de Estetica,cuidado_personal,83941.12,saldo_billetera,FALSE,Entretenimiento
USR_476,Vantage,farmacia,47896.08,saldo_billetera,TRUE,Salud
USR_428,ARBA,impuestos,33857.61,efectivo,TRUE,Finanzas
USR_461,Galeno,cobertura_medica,45091.27,tarjeta_debito,TRUE,Salud
USR_271,AySA,servicios_basicos,86840.15,efectivo,TRUE,Hogar
USR_491,Metrogas,servicios_basicos,28463.97,tarjeta_debito,TRUE,Hogar
USR_263,Edenor,servicios_basicos,105626.11,saldo_billetera,TRUE,Hogar
USR_131,Galeno,cobertura_medica,4122.37,saldo_billetera,TRUE,Salud
USR_450,AUSA Peajes,peajes,119811.14,transferencia,TRUE,Transporte
USR_160,Visa Pago Tarjeta,pago_tarjetas,25089.16,tarjeta_debito,TRUE,Finanzas
USR_264,Envio de dinero,transferencias,119640.44,tarjeta_debito,FALSE,Finanzas
USR_126,AFIP,impuestos,46612.46,tarjeta_debito,TRUE,Finanzas
USR_408,Trenes Argentinos,transporte_publico,99893.22,efectivo,TRUE,Transporte
USR_006,Metrovias,transporte_publico,55434.48,saldo_billetera,TRUE,Transporte
USR_244,Rappi,delivery,109412.62,saldo_billetera,FALSE,Alimentacion
USR_417,Galeno,cobertura_medica,99933.86,tarjeta_debito,TRUE,Salud
USR_266,Zara,indumentaria,97026.34,transferencia,FALSE,Entretenimiento
USR_373,Canchas de Futbol,hobbies_y_deportes,115552.36,saldo_billetera,FALSE,Entretenimiento
USR_204,Edenor,servicios_basicos,17492.36,tarjeta_credito,TRUE,Hogar
USR_325,Sodimac,mantenimiento_y_muebles,5590.96,saldo_billetera,FALSE,Hogar
USR_058,Amazon Prime,suscripciones_digitales,113241.83,efectivo,FALSE,Entretenimiento
USR_025,Netflix,suscripciones_digitales,92561.44,tarjeta_credito,FALSE,Entretenimiento
USR_235,Amex,pago_tarjetas,1065.12,tarjeta_debito,TRUE,Finanzas
USR_424,HBO Max,suscripciones_digitales,27609.45,saldo_billetera,FALSE,Entretenimiento
USR_059,Farmacia Dr Ahorro,farmacia,110175.43,saldo_billetera,TRUE,Salud
USR_290,Cafe Martinez,restaurante,43525.85,tarjeta_debito,FALSE,Alimentacion
USR_199,Steam Games,hobbies_y_deportes,43117.07,transferencia,FALSE,Entretenimiento
USR_289,Swiss Medical,cobertura_medica,110242.05,tarjeta_credito,TRUE,Salud
USR_492,Consorcio Edificio,alquiler_y_expensas,101114.07,saldo_billetera,TRUE,Hogar
USR_452,Burger King,restaurante,8534.83,tarjeta_debito,FALSE,Alimentacion
USR_127,Spotify,suscripciones_digitales,80220.1,tarjeta_credito,FALSE,Entretenimiento
USR_205,MercadoPago Transferencia,transferencias,2863.88,transferencia,FALSE,Finanzas
USR_425,Centro Medico,atencion_medica,31525.27,tarjeta_debito,TRUE,Salud
USR_156,HBO Max,suscripciones_digitales,49678.61,tarjeta_debito,FALSE,Entretenimiento
USR_422,Transferencia a Juan,transferencias,65704.22,saldo_billetera,FALSE,Finanzas
USR_451,Hospital Italiano,atencion_medica,93393.82,tarjeta_credito,TRUE,Salud
USR_169,Metrovias,transporte_publico,50700.58,saldo_billetera,TRUE,Transporte
USR_065,Laboratorio,atencion_medica,42050.31,tarjeta_credito,TRUE,Salud
USR_293,Barberia,cuidado_personal,74336.07,saldo_billetera,FALSE,Entretenimiento
USR_260,Galeno,cobertura_medica,51966.17,saldo_billetera,TRUE,Salud
USR_231,HBO Max,suscripciones_digitales,65428.54,tarjeta_debito,FALSE,Entretenimiento
USR_360,Taller Mecanico,mantenimiento_vehicular,8068.98,transferencia,TRUE,Transporte
USR_415,Montagne,hobbies_y_deportes,42126.32,tarjeta_credito,FALSE,Entretenimiento
USR_005,Peluqueria Estilos,cuidado_personal,92486.81,transferencia,FALSE,Entretenimiento
USR_160,Centro Medico,atencion_medica,59985.11,efectivo,TRUE,Salud
USR_080,Taller Mecanico,mantenimiento_vehicular,10387.37,transferencia,TRUE,Transporte
USR_157,Centro Medico,atencion_medica,19194.89,transferencia,TRUE,Salud
USR_219,Shell,combustible,76611.4,efectivo,TRUE,Transporte
USR_328,AFIP,impuestos,101250.7,transferencia,TRUE,Finanzas
USR_134,Farmacity,farmacia,29910.34,efectivo,TRUE,Salud
USR_209,Burger King,restaurante,113952.13,transferencia,FALSE,Alimentacion
USR_180,Transferencia a Juan,transferencias,38511.9,tarjeta_credito,FALSE,Finanzas
USR_313,Swiss Medical,cobertura_medica,70561.89,saldo_billetera,TRUE,Salud
USR_243,Rappi,delivery,57705.74,tarjeta_debito,FALSE,Alimentacion
USR_257,Spotify,suscripciones_digitales,44337.16,tarjeta_credito,FALSE,Entretenimiento
USR_189,Sodimac,mantenimiento_y_muebles,111583.66,transferencia,FALSE,Hogar
USR_085,Hospital Italiano,atencion_medica,45080.82,saldo_billetera,TRUE,Salud
USR_290,Centro de Estetica,cuidado_personal,21047.89,efectivo,FALSE,Entretenimiento
USR_168,Transferencia a Juan,transferencias,45300.61,saldo_billetera,FALSE,Finanzas
USR_094,AGIP,impuestos,25732.89,saldo_billetera,TRUE,Finanzas
USR_494,Transferencia a Juan,transferencias,28093.04,tarjeta_debito,FALSE,Finanzas
USR_050,Telepase,peajes,109242.9,saldo_billetera,TRUE,Transporte
USR_298,Axion,combustible,37977.09,saldo_billetera,TRUE,Transporte
USR_054,Consorcio Edificio,alquiler_y_expensas,113502.87,transferencia,TRUE,Hogar
USR_142,Envio de dinero,transferencias,112950.15,transferencia,FALSE,Finanzas
USR_416,Montagne,hobbies_y_deportes,68927.74,tarjeta_debito,FALSE,Entretenimiento
USR_270,Farmacity,farmacia,58530.85,transferencia,TRUE,Salud
USR_103,Rappi,delivery,62122.24,transferencia,FALSE,Alimentacion
USR_074,Autopistas del Sol,peajes,21065.07,saldo_billetera,TRUE,Transporte
USR_102,Amazon Prime,suscripciones_digitales,45571.75,saldo_billetera,FALSE,Entretenimiento
USR_253,Taxi Premium,taxi_y_apps,21245.21,transferencia,FALSE,Transporte
USR_144,Netflix,suscripciones_digitales,40477.7,tarjeta_credito,FALSE,Entretenimiento
USR_189,Neumaticos,mantenimiento_vehicular,50409.31,saldo_billetera,TRUE,Transporte
USR_167,Steam Games,hobbies_y_deportes,67800.04,transferencia,FALSE,Entretenimiento
USR_418,Jumbo,supermercado,101685.29,saldo_billetera,TRUE,Alimentacion
USR_212,Vantage,farmacia,112705.92,transferencia,TRUE,Salud
USR_067,Polleria,carniceria_y_granja,54120.1,tarjeta_debito,TRUE,Alimentacion
USR_114,Uber,taxi_y_apps,71976.53,transferencia,FALSE,Transporte
USR_271,HBO Max,suscripciones_digitales,48248.1,efectivo,FALSE,Entretenimiento
USR_312,Centro de Estetica,cuidado_personal,78646.79,saldo_billetera,FALSE,Entretenimiento
USR_191,Chino El Sol,supermercado,31991.63,efectivo,TRUE,Alimentacion
USR_373,Mastercard,pago_tarjetas,63784.65,efectivo,TRUE,Finanzas
USR_395,Inmobiliaria Sur,alquiler_y_expensas,65078,tarjeta_credito,TRUE,Hogar
USR_288,Metrogas,servicios_basicos,7329.87,saldo_billetera,TRUE,Hogar
USR_225,Swiss Medical,cobertura_medica,103270.32,efectivo,TRUE,Salud
USR_048,Metrovias,transporte_publico,29454.05,efectivo,TRUE,Transporte
USR_006,Movistar,servicios_basicos,6170.65,tarjeta_credito,TRUE,Hogar
USR_090,Pizzeria La Continental,restaurante,7896.67,tarjeta_credito,FALSE,Alimentacion
USR_437,Steam Games,hobbies_y_deportes,58286.08,efectivo,FALSE,Entretenimiento
USR_035,Axion,combustible,27705.7,tarjeta_credito,TRUE,Transporte
USR_145,Edenor,servicios_basicos,21003.68,saldo_billetera,TRUE,Hogar
USR_149,Rappi,delivery,93156.59,efectivo,FALSE,Alimentacion
USR_044,Zara,indumentaria,107220.91,efectivo,FALSE,Entretenimiento
USR_427,AySA,servicios_basicos,48462.28,saldo_billetera,TRUE,Hogar
USR_087,OSDE,cobertura_medica,118828.36,tarjeta_debito,TRUE,Salud
USR_250,Canchas de Futbol,hobbies_y_deportes,43079.99,tarjeta_debito,FALSE,Entretenimiento
USR_167,Levis,indumentaria,40505.82,transferencia,FALSE,Entretenimiento
USR_285,Burger King,restaurante,41441.92,transferencia,FALSE,Alimentacion
USR_055,Vantage,farmacia,48879.43,transferencia,TRUE,Salud
USR_082,Rappi,delivery,36609.98,tarjeta_debito,FALSE,Alimentacion
USR_221,Chino El Sol,supermercado,82040.16,transferencia,TRUE,Alimentacion
USR_084,Rappi,delivery,23573.03,efectivo,FALSE,Alimentacion
USR_421,Ferreteria El Clavo,mantenimiento_y_muebles,60810.8,efectivo,FALSE,Hogar
USR_224,ARBA,impuestos,40400.77,saldo_billetera,TRUE,Finanzas
USR_367,Visa Pago Tarjeta,pago_tarjetas,18646.74,transferencia,TRUE,Finanzas
USR_331,MercadoPago Transferencia,transferencias,42780.16,efectivo,FALSE,Finanzas
USR_266,Antares,restaurante,46818.49,saldo_billetera,FALSE,Alimentacion
USR_237,Movistar,servicios_basicos,12196.18,tarjeta_debito,TRUE,Hogar
USR_434,Coto,supermercado,75060.58,tarjeta_credito,TRUE,Alimentacion
USR_317,Peluqueria Estilos,cuidado_personal,27466.59,transferencia,FALSE,Entretenimiento
USR_159,Vantage,farmacia,61421.14,transferencia,TRUE,Salud
USR_007,Swiss Medical,cobertura_medica,68262.6,tarjeta_credito,TRUE,Salud
USR_366,Spotify,suscripciones_digitales,83521.76,tarjeta_credito,FALSE,Entretenimiento
USR_046,Carniceria Los Hermanos,carniceria_y_granja,18897.4,tarjeta_credito,TRUE,Alimentacion
USR_116,Laboratorio,atencion_medica,96809.35,saldo_billetera,TRUE,Salud
USR_148,Envio de dinero,transferencias,8954.12,transferencia,FALSE,Finanzas
USR_053,AySA,servicios_basicos,40945.2,saldo_billetera,TRUE,Hogar
USR_268,AFIP,impuestos,22956.7,transferencia,TRUE,Finanzas
USR_154,Zara,indumentaria,104356.36,saldo_billetera,FALSE,Entretenimiento
USR_361,Jumbo,supermercado,25529.62,tarjeta_debito,TRUE,Alimentacion
USR_376,Galeno,cobertura_medica,85246.48,transferencia,TRUE,Salud
USR_498,MercadoPago Transferencia,transferencias,44214.94,efectivo,FALSE,Finanzas
USR_348,Barberia,cuidado_personal,68993.54,tarjeta_debito,FALSE,Entretenimiento
USR_326,Envio de dinero,transferencias,22164.31,tarjeta_credito,FALSE,Finanzas
USR_410,Carniceria Los Hermanos,carniceria_y_granja,70989.37,efectivo,TRUE,Alimentacion
USR_372,Administracion Lopez,alquiler_y_expensas,78173.16,tarjeta_credito,TRUE,Hogar
USR_401,Zara,indumentaria,31743.59,tarjeta_credito,FALSE,Entretenimiento
USR_374,Lubricentro,mantenimiento_vehicular,71803.73,efectivo,TRUE,Transporte
USR_167,Granja San Jose,carniceria_y_granja,60036.85,saldo_billetera,TRUE,Alimentacion
USR_110,Rappi,delivery,31614.33,efectivo,FALSE,Alimentacion
USR_206,Administracion Lopez,alquiler_y_expensas,74477,saldo_billetera,TRUE,Hogar
USR_486,Amex,pago_tarjetas,53101.16,tarjeta_credito,TRUE,Finanzas
USR_309,Adidas,indumentaria,57540.54,efectivo,FALSE,Entretenimiento
USR_392,Puma,combustible,42172.59,tarjeta_debito,TRUE,Transporte
USR_164,Telepase,peajes,33898.12,transferencia,TRUE,Transporte
USR_192,Barberia,cuidado_personal,80353.5,transferencia,FALSE,Entretenimiento
USR_122,Amazon Prime,suscripciones_digitales,68230.91,efectivo,FALSE,Entretenimiento
USR_206,Swiss Medical,cobertura_medica,73057.56,transferencia,TRUE,Salud
USR_349,AFIP,impuestos,16570.51,tarjeta_debito,TRUE,Finanzas
USR_296,Amazon Prime,suscripciones_digitales,76884.2,tarjeta_credito,FALSE,Entretenimiento
USR_191,Amazon Prime,suscripciones_digitales,24884.1,transferencia,FALSE,Entretenimiento
USR_200,Ferreteria El Clavo,mantenimiento_y_muebles,93542.77,transferencia,FALSE,Hogar
USR_089,AGIP,impuestos,30787.39,tarjeta_debito,TRUE,Finanzas
USR_466,Barberia,cuidado_personal,81327.6,tarjeta_debito,FALSE,Entretenimiento
USR_278,Centro Medico,atencion_medica,98869.71,tarjeta_credito,TRUE,Salud
USR_167,Puma,combustible,92026.28,transferencia,TRUE,Transporte
USR_349,Telepase,peajes,19761.62,tarjeta_debito,TRUE,Transporte
USR_275,PedidosYa,delivery,117992.13,transferencia,FALSE,Alimentacion
USR_358,Cabify,taxi_y_apps,71089.16,tarjeta_credito,FALSE,Transporte
USR_422,Montagne,hobbies_y_deportes,8457.27,saldo_billetera,FALSE,Entretenimiento
USR_363,Transferencia a Juan,transferencias,86049.83,saldo_billetera,FALSE,Finanzas
USR_463,OSDE,cobertura_medica,70187.86,transferencia,TRUE,Salud
USR_288,Carniceria Los Hermanos,carniceria_y_granja,30322.02,tarjeta_credito,TRUE,Alimentacion
USR_302,Sodimac,mantenimiento_y_muebles,83078.01,transferencia,FALSE,Hogar
USR_348,PedidosYa,delivery,47500.9,tarjeta_debito,FALSE,Alimentacion
USR_012,Sodimac,mantenimiento_y_muebles,76117.33,efectivo,FALSE,Hogar
USR_439,AGIP,impuestos,23043.16,transferencia,TRUE,Finanzas
USR_281,Inmobiliaria Sur,alquiler_y_expensas,32919.55,tarjeta_debito,TRUE,Hogar
USR_119,Montagne,hobbies_y_deportes,55846.5,efectivo,FALSE,Entretenimiento
USR_054,Transferencia a Juan,transferencias,18999.77,efectivo,FALSE,Finanzas
USR_364,Lubricentro,mantenimiento_vehicular,100310.86,tarjeta_credito,TRUE,Transporte
USR_479,Taller Mecanico,mantenimiento_vehicular,70731.34,tarjeta_credito,TRUE,Transporte
USR_407,Nike,indumentaria,11433.87,efectivo,FALSE,Entretenimiento
USR_469,AGIP,impuestos,75849.97,tarjeta_credito,TRUE,Finanzas
USR_498,Lubricentro,mantenimiento_vehicular,4133.73,saldo_billetera,TRUE,Transporte
USR_114,Amex,pago_tarjetas,53487.26,tarjeta_debito,TRUE,Finanzas
USR_386,Neumaticos,mantenimiento_vehicular,63765.13,saldo_billetera,TRUE,Transporte
USR_153,Puma,combustible,69646.11,efectivo,TRUE,Transporte
USR_162,Administracion Lopez,alquiler_y_expensas,42781.49,transferencia,TRUE,Hogar
USR_467,Rappi,delivery,19953.67,tarjeta_debito,FALSE,Alimentacion
USR_059,Laboratorio,atencion_medica,80692.87,tarjeta_credito,TRUE,Salud
USR_007,Easy,mantenimiento_y_muebles,14165.44,saldo_billetera,FALSE,Hogar
USR_016,Sodimac,mantenimiento_y_muebles,59872.94,tarjeta_credito,FALSE,Hogar
USR_238,Lubricentro,mantenimiento_vehicular,79274.96,efectivo,TRUE,Transporte
USR_427,Laboratorio,atencion_medica,59655.17,efectivo,TRUE,Salud
USR_420,Vantage,farmacia,99521.11,transferencia,TRUE,Salud
USR_368,MercadoPago Transferencia,transferencias,41002.39,saldo_billetera,FALSE,Finanzas
USR_035,Personal Flow,servicios_basicos,57490.45,transferencia,TRUE,Hogar
USR_208,Envio de dinero,transferencias,101132.56,efectivo,FALSE,Finanzas
USR_422,Taxi Premium,taxi_y_apps,16967.25,efectivo,FALSE,Transporte
USR_135,Laboratorio,atencion_medica,58111.16,transferencia,TRUE,Salud
USR_235,Rappi,delivery,108177.52,saldo_billetera,FALSE,Alimentacion
USR_276,Edenor,servicios_basicos,3808.17,transferencia,TRUE,Hogar
USR_418,Granja San Jose,carniceria_y_granja,24406.56,tarjeta_debito,TRUE,Alimentacion
USR_179,Steam Games,hobbies_y_deportes,52350.38,tarjeta_credito,FALSE,Entretenimiento
USR_291,Transferencia a Juan,transferencias,19461.92,efectivo,FALSE,Finanzas
USR_323,Carniceria Los Hermanos,carniceria_y_granja,69508.9,tarjeta_debito,TRUE,Alimentacion
USR_441,MercadoPago Transferencia,transferencias,16771.28,tarjeta_credito,FALSE,Finanzas
USR_155,Canchas de Futbol,hobbies_y_deportes,40180,efectivo,FALSE,Entretenimiento
USR_153,AFIP,impuestos,108614.44,efectivo,TRUE,Finanzas
USR_132,Galeno,cobertura_medica,70415.8,tarjeta_credito,TRUE,Salud
USR_347,AGIP,impuestos,101954.28,transferencia,TRUE,Finanzas
USR_456,Zara,indumentaria,27641.45,efectivo,FALSE,Entretenimiento
USR_493,Farmacia Dr Ahorro,farmacia,107009.91,saldo_billetera,TRUE,Salud
USR_129,Cabify,taxi_y_apps,38216.78,saldo_billetera,FALSE,Transporte
USR_480,Levis,indumentaria,50664.4,transferencia,FALSE,Entretenimiento
USR_097,Uber,taxi_y_apps,61970.08,saldo_billetera,FALSE,Transporte
USR_060,Visa Pago Tarjeta,pago_tarjetas,31259.16,saldo_billetera,TRUE,Finanzas
USR_358,Rappi,delivery,38235.47,tarjeta_debito,FALSE,Alimentacion
USR_337,Farmacity,farmacia,83312.78,efectivo,TRUE,Salud
USR_462,Farmacity,farmacia,44427.25,transferencia,TRUE,Salud
USR_030,Envio de dinero,transferencias,93726.62,saldo_billetera,FALSE,Finanzas
USR_017,Mastercard,pago_tarjetas,7115.89,tarjeta_credito,TRUE,Finanzas
USR_035,Centro de Estetica,cuidado_personal,60646.42,transferencia,FALSE,Entretenimiento
USR_315,Centro de Estetica,cuidado_personal,21897.28,transferencia,FALSE,Entretenimiento
USR_286,Inmobiliaria Sur,alquiler_y_expensas,3485.4,efectivo,TRUE,Hogar
USR_011,Sodimac,mantenimiento_y_muebles,104680.2,transferencia,FALSE,Hogar
USR_459,AFIP,impuestos,72125.16,tarjeta_credito,TRUE,Finanzas
USR_322,Didi,taxi_y_apps,105512.07,tarjeta_credito,FALSE,Transporte
USR_104,PedidosYa,delivery,23691.15,transferencia,FALSE,Alimentacion
USR_017,Centro de Estetica,cuidado_personal,108333.51,tarjeta_credito,FALSE,Entretenimiento
USR_468,Didi,taxi_y_apps,39553.65,transferencia,FALSE,Transporte
USR_312,Polleria,carniceria_y_granja,24478.85,efectivo,TRUE,Alimentacion
USR_483,YPF,combustible,65613.62,saldo_billetera,TRUE,Transporte
USR_227,Netflix,suscripciones_digitales,11572.42,tarjeta_debito,FALSE,Entretenimiento
USR_183,Nike,indumentaria,3548.66,tarjeta_credito,FALSE,Entretenimiento
USR_011,Chino El Sol,supermercado,24141.59,tarjeta_debito,TRUE,Alimentacion
USR_124,Envio de dinero,transferencias,15417.87,efectivo,FALSE,Finanzas
USR_020,Spotify,suscripciones_digitales,115537.66,tarjeta_debito,FALSE,Entretenimiento
USR_139,Edenor,servicios_basicos,85389.08,tarjeta_debito,TRUE,Hogar
USR_405,Peluqueria Estilos,cuidado_personal,12678.08,tarjeta_debito,FALSE,Entretenimiento
USR_401,Hospital Italiano,atencion_medica,23351.5,transferencia,TRUE,Salud
USR_294,Carniceria Los Hermanos,carniceria_y_granja,38488.79,tarjeta_credito,TRUE,Alimentacion
USR_122,Farmacia Dr Ahorro,farmacia,6428.56,transferencia,TRUE,Salud
USR_434,Autopistas del Sol,peajes,95334.97,tarjeta_credito,TRUE,Transporte
USR_364,Ferreteria El Clavo,mantenimiento_y_muebles,21089.07,saldo_billetera,FALSE,Hogar
USR_246,Neumaticos,mantenimiento_vehicular,32807.55,saldo_billetera,TRUE,Transporte
USR_111,Coto,supermercado,107916.28,efectivo,TRUE,Alimentacion
USR_373,Barberia,cuidado_personal,91438.63,saldo_billetera,FALSE,Entretenimiento
USR_486,Nike,indumentaria,27140.29,tarjeta_debito,FALSE,Entretenimiento
USR_018,Trenes Argentinos,transporte_publico,24559.42,tarjeta_credito,TRUE,Transporte
USR_367,Dia%,supermercado,91643.94,saldo_billetera,TRUE,Alimentacion
USR_280,Amex,pago_tarjetas,119688.16,efectivo,TRUE,Finanzas
USR_070,Shell,combustible,29537.7,tarjeta_credito,TRUE,Transporte
USR_455,Montagne,hobbies_y_deportes,18100.12,transferencia,FALSE,Entretenimiento
USR_107,Amex,pago_tarjetas,84964.74,efectivo,TRUE,Finanzas
USR_483,Steam Games,hobbies_y_deportes,9634.54,tarjeta_credito,FALSE,Entretenimiento
USR_426,Metrogas,servicios_basicos,9879.41,saldo_billetera,TRUE,Hogar
USR_177,MercadoPago Transferencia,transferencias,101246.68,efectivo,FALSE,Finanzas
USR_424,AFIP,impuestos,89788.07,tarjeta_debito,TRUE,Finanzas
USR_329,Consorcio Edificio,alquiler_y_expensas,98832.94,saldo_billetera,TRUE,Hogar
USR_321,Centro de Estetica,cuidado_personal,55660.26,transferencia,FALSE,Entretenimiento
USR_064,Peluqueria Estilos,cuidado_personal,106398.98,transferencia,FALSE,Entretenimiento
USR_391,Taxi Premium,taxi_y_apps,93088.97,tarjeta_credito,FALSE,Transporte
USR_429,AGIP,impuestos,91485.27,tarjeta_credito,TRUE,Finanzas
USR_491,Vivero Las Plantas,mantenimiento_y_muebles,72027.04,efectivo,FALSE,Hogar
USR_013,Nike,indumentaria,84882.42,transferencia,FALSE,Entretenimiento
USR_075,Sodimac,mantenimiento_y_muebles,84172.21,saldo_billetera,FALSE,Hogar
USR_352,Laboratorio,atencion_medica,42327.79,efectivo,TRUE,Salud
USR_469,Shell,combustible,108257.55,saldo_billetera,TRUE,Transporte
USR_189,Carrefour,supermercado,2493.97,tarjeta_credito,TRUE,Alimentacion
USR_410,Inmobiliaria Sur,alquiler_y_expensas,12017.51,tarjeta_debito,TRUE,Hogar
USR_295,Spotify,suscripciones_digitales,59504.89,tarjeta_credito,FALSE,Entretenimiento
USR_484,AySA,servicios_basicos,65274.85,tarjeta_credito,TRUE,Hogar
USR_142,Vivero Las Plantas,mantenimiento_y_muebles,101451.93,efectivo,FALSE,Hogar
USR_219,Uber,taxi_y_apps,21601.24,saldo_billetera,FALSE,Transporte
USR_130,Administracion Lopez,alquiler_y_expensas,33463.24,tarjeta_credito,TRUE,Hogar
USR_061,Pizzeria La Continental,restaurante,15860.44,tarjeta_debito,FALSE,Alimentacion
USR_201,Carga SUBE,transporte_publico,5654.28,tarjeta_debito,TRUE,Transporte
USR_465,Hospital Italiano,atencion_medica,18562.77,saldo_billetera,TRUE,Salud
USR_380,Didi,taxi_y_apps,112477.8,tarjeta_credito,FALSE,Transporte
USR_408,Steam Games,hobbies_y_deportes,108991.14,transferencia,FALSE,Entretenimiento
USR_298,Mastercard,pago_tarjetas,52105.8,tarjeta_credito,TRUE,Finanzas
USR_316,Sodimac,mantenimiento_y_muebles,13890.33,tarjeta_debito,FALSE,Hogar
USR_441,Steam Games,hobbies_y_deportes,65254.23,transferencia,FALSE,Entretenimiento
USR_211,Easy,mantenimiento_y_muebles,15355.75,tarjeta_credito,FALSE,Hogar
USR_191,Ferreteria El Clavo,mantenimiento_y_muebles,24859.92,saldo_billetera,FALSE,Hogar
USR_150,Envio de dinero,transferencias,1230.85,tarjeta_credito,FALSE,Finanzas
USR_383,OSDE,cobertura_medica,79659.46,transferencia,TRUE,Salud
USR_396,AUSA Peajes,peajes,81064.92,saldo_billetera,TRUE,Transporte
USR_031,Zara,indumentaria,77549.53,efectivo,FALSE,Entretenimiento
USR_035,Telepase,peajes,6716.58,saldo_billetera,TRUE,Transporte
USR_168,Sodimac,mantenimiento_y_muebles,83256.89,transferencia,FALSE,Hogar
USR_224,YPF,combustible,101443.91,transferencia,TRUE,Transporte
USR_077,Galeno,cobertura_medica,8543.44,tarjeta_credito,TRUE,Salud
USR_341,Farmacia Dr Ahorro,farmacia,29690.2,tarjeta_credito,TRUE,Salud
USR_339,Taller Mecanico,mantenimiento_vehicular,73288.49,saldo_billetera,TRUE,Transporte
USR_478,Autopistas del Sol,peajes,60513.77,saldo_billetera,TRUE,Transporte
USR_249,Telepase,peajes,58047.79,saldo_billetera,TRUE,Transporte
USR_337,Dia%,supermercado,57581.35,tarjeta_credito,TRUE,Alimentacion
USR_192,Swiss Medical,cobertura_medica,48196.01,efectivo,TRUE,Salud
USR_233,Galeno,cobertura_medica,110044.54,efectivo,TRUE,Salud
USR_342,Jumbo,supermercado,44748.72,efectivo,TRUE,Alimentacion
USR_270,Vivero Las Plantas,mantenimiento_y_muebles,43812.55,efectivo,FALSE,Hogar
USR_101,Envio de dinero,transferencias,41609.18,saldo_billetera,FALSE,Finanzas
USR_123,Autopistas del Sol,peajes,50540.4,tarjeta_credito,TRUE,Transporte
USR_004,Ferreteria El Clavo,mantenimiento_y_muebles,105335.43,tarjeta_credito,FALSE,Hogar
USR_095,Steam Games,hobbies_y_deportes,3249.46,tarjeta_debito,FALSE,Entretenimiento
USR_430,Rappi,delivery,114895.11,tarjeta_credito,FALSE,Alimentacion
USR_133,Didi,taxi_y_apps,83143.84,efectivo,FALSE,Transporte
USR_131,Ferreteria El Clavo,mantenimiento_y_muebles,108216.75,tarjeta_debito,FALSE,Hogar
USR_275,Amex,pago_tarjetas,61688.34,tarjeta_credito,TRUE,Finanzas
USR_437,Steam Games,hobbies_y_deportes,109741.97,tarjeta_debito,FALSE,Entretenimiento
USR_057,HBO Max,suscripciones_digitales,47425.26,saldo_billetera,FALSE,Entretenimiento
USR_311,Consorcio Edificio,alquiler_y_expensas,70169.84,saldo_billetera,TRUE,Hogar
USR_263,Carniceria Los Hermanos,carniceria_y_granja,50877.31,saldo_billetera,TRUE,Alimentacion
USR_273,Amex,pago_tarjetas,32141.24,transferencia,TRUE,Finanzas
USR_431,Consorcio Edificio,alquiler_y_expensas,111245.43,transferencia,TRUE,Hogar
USR_172,Netflix,suscripciones_digitales,58948.33,tarjeta_credito,FALSE,Entretenimiento
USR_371,Levis,indumentaria,89579.36,tarjeta_debito,FALSE,Entretenimiento
USR_148,Transferencia a Juan,transferencias,49815.72,tarjeta_credito,FALSE,Finanzas
USR_013,Canchas de Futbol,hobbies_y_deportes,69252.59,tarjeta_debito,FALSE,Entretenimiento
USR_079,Visa Pago Tarjeta,pago_tarjetas,8992.82,efectivo,TRUE,Finanzas
USR_193,AySA,servicios_basicos,88911.62,tarjeta_debito,TRUE,Hogar
USR_195,Antares,restaurante,17949.23,efectivo,FALSE,Alimentacion
USR_252,Lubricentro,mantenimiento_vehicular,39888.61,tarjeta_debito,TRUE,Transporte
USR_217,Hospital Italiano,atencion_medica,87478.37,saldo_billetera,TRUE,Salud
USR_083,Laboratorio,atencion_medica,26990.88,tarjeta_debito,TRUE,Salud
USR_263,Transferencia a Juan,transferencias,7040.48,tarjeta_debito,FALSE,Finanzas
USR_209,Adidas,indumentaria,62871.58,saldo_billetera,FALSE,Entretenimiento
USR_192,AFIP,impuestos,77851.35,efectivo,TRUE,Finanzas
USR_455,Metrovias,transporte_publico,87026.75,efectivo,TRUE,Transporte
USR_340,Axion,combustible,2151.02,tarjeta_credito,TRUE,Transporte
USR_484,AFIP,impuestos,34301.28,transferencia,TRUE,Finanzas
USR_034,Neumaticos,mantenimiento_vehicular,56655.91,saldo_billetera,TRUE,Transporte
USR_322,Telepase,peajes,62613.86,saldo_billetera,TRUE,Transporte
USR_385,Farmacity,farmacia,110721.07,efectivo,TRUE,Salud
USR_302,Carniceria Los Hermanos,carniceria_y_granja,108007.26,tarjeta_debito,TRUE,Alimentacion
USR_080,Metrogas,servicios_basicos,97534.46,efectivo,TRUE,Hogar
USR_349,Mastercard,pago_tarjetas,110415.96,efectivo,TRUE,Finanzas
USR_025,Trenes Argentinos,transporte_publico,72402.31,transferencia,TRUE,Transporte
USR_158,OSDE,cobertura_medica,90376.66,efectivo,TRUE,Salud
USR_482,Adidas,indumentaria,78069.48,tarjeta_debito,FALSE,Entretenimiento
USR_465,Mastercard,pago_tarjetas,36690.76,efectivo,TRUE,Finanzas
USR_217,Ferreteria El Clavo,mantenimiento_y_muebles,39796.84,tarjeta_credito,FALSE,Hogar
USR_182,Administracion Lopez,alquiler_y_expensas,23288.88,transferencia,TRUE,Hogar
USR_094,Transferencia a Juan,transferencias,56501.08,saldo_billetera,FALSE,Finanzas
USR_097,MercadoPago Transferencia,transferencias,58924.53,tarjeta_credito,FALSE,Finanzas
USR_457,Axion,combustible,93750.81,tarjeta_credito,TRUE,Transporte
USR_356,Envio de dinero,transferencias,105312.44,efectivo,FALSE,Finanzas
USR_364,Canchas de Futbol,hobbies_y_deportes,25139.27,transferencia,FALSE,Entretenimiento
USR_067,Dia%,supermercado,105946.04,tarjeta_debito,TRUE,Alimentacion
USR_422,Easy,mantenimiento_y_muebles,101777.99,efectivo,FALSE,Hogar
USR_018,Farmacia Dr Ahorro,farmacia,76619.36,saldo_billetera,TRUE,Salud
USR_401,Envio de dinero,transferencias,57999.25,tarjeta_debito,FALSE,Finanzas
USR_159,AFIP,impuestos,57356.36,saldo_billetera,TRUE,Finanzas
USR_266,Barberia,cuidado_personal,89721.86,efectivo,FALSE,Entretenimiento
USR_455,AFIP,impuestos,63167.38,transferencia,TRUE,Finanzas
USR_142,AGIP,impuestos,69211.7,tarjeta_credito,TRUE,Finanzas
USR_404,Uber,taxi_y_apps,106880.77,efectivo,FALSE,Transporte
USR_155,Transferencia a Juan,transferencias,117759.24,transferencia,FALSE,Finanzas
USR_439,Neumaticos,mantenimiento_vehicular,13739.87,saldo_billetera,TRUE,Transporte
USR_160,Metrogas,servicios_basicos,112244.1,transferencia,TRUE,Hogar
USR_203,Swiss Medical,cobertura_medica,7215.86,efectivo,TRUE,Salud
USR_474,Metrovias,transporte_publico,66339.77,tarjeta_debito,TRUE,Transporte
USR_113,OSDE,cobertura_medica,15868.68,transferencia,TRUE,Salud
USR_083,Telepase,peajes,114969.29,tarjeta_debito,TRUE,Transporte
USR_454,Taxi Premium,taxi_y_apps,83065.02,saldo_billetera,FALSE,Transporte
USR_307,Trenes Argentinos,transporte_publico,34498.78,tarjeta_credito,TRUE,Transporte
USR_297,Metrovias,transporte_publico,24677.86,saldo_billetera,TRUE,Transporte
USR_275,Rappi,delivery,33558.74,tarjeta_credito,FALSE,Alimentacion
USR_035,Inmobiliaria Sur,alquiler_y_expensas,116423.17,tarjeta_credito,TRUE,Hogar
USR_141,PedidosYa,delivery,13293.91,tarjeta_credito,FALSE,Alimentacion
USR_409,Canchas de Futbol,hobbies_y_deportes,90346.66,saldo_billetera,FALSE,Entretenimiento
USR_009,Hospital Italiano,atencion_medica,62786.96,tarjeta_debito,TRUE,Salud
USR_069,Taxi Premium,taxi_y_apps,3628.51,transferencia,FALSE,Transporte
USR_440,Swiss Medical,cobertura_medica,5764.56,tarjeta_credito,TRUE,Salud
USR_272,Amazon Prime,suscripciones_digitales,1077.34,tarjeta_debito,FALSE,Entretenimiento
USR_455,Edenor,servicios_basicos,80870.53,transferencia,TRUE,Hogar
USR_078,Amex,pago_tarjetas,48125.13,efectivo,TRUE,Finanzas
USR_456,OSDE,cobertura_medica,86359.74,efectivo,TRUE,Salud
USR_289,ARBA,impuestos,75329.62,tarjeta_debito,TRUE,Finanzas
USR_326,Movistar,servicios_basicos,39941.36,tarjeta_debito,TRUE,Hogar
USR_481,Pizzeria La Continental,restaurante,64319.54,tarjeta_debito,FALSE,Alimentacion
USR_399,Carrefour,supermercado,38335.11,efectivo,TRUE,Alimentacion
USR_123,Movistar,servicios_basicos,6737.54,efectivo,TRUE,Hogar
USR_071,Chino El Sol,supermercado,83385.87,saldo_billetera,TRUE,Alimentacion
USR_070,Carniceria Los Hermanos,carniceria_y_granja,51157.29,efectivo,TRUE,Alimentacion
USR_061,PedidosYa,delivery,109378.74,saldo_billetera,FALSE,Alimentacion
USR_180,Vantage,farmacia,6390.11,saldo_billetera,TRUE,Salud
USR_217,Peluqueria Estilos,cuidado_personal,119381.73,efectivo,FALSE,Entretenimiento
USR_002,Transferencia a Juan,transferencias,27181.51,saldo_billetera,FALSE,Finanzas
USR_428,PedidosYa,delivery,74513.19,saldo_billetera,FALSE,Alimentacion
USR_253,OSDE,cobertura_medica,83839.93,transferencia,TRUE,Salud
USR_244,Granja San Jose,carniceria_y_granja,56410.45,transferencia,TRUE,Alimentacion
USR_239,Envio de dinero,transferencias,92703.96,tarjeta_debito,FALSE,Finanzas
USR_256,Uber,taxi_y_apps,46245.24,saldo_billetera,FALSE,Transporte
USR_020,Farmacity,farmacia,29414.86,tarjeta_credito,TRUE,Salud
USR_061,Nike,indumentaria,31241.75,transferencia,FALSE,Entretenimiento
USR_261,Mastercard,pago_tarjetas,73969.32,saldo_billetera,TRUE,Finanzas
USR_107,Shell,combustible,73423.18,tarjeta_debito,TRUE,Transporte
USR_459,Swiss Medical,cobertura_medica,21293.77,efectivo,TRUE,Salud
USR_191,Galeno,cobertura_medica,44844.75,transferencia,TRUE,Salud
USR_298,Shell,combustible,44858.29,saldo_billetera,TRUE,Transporte
USR_464,Amex,pago_tarjetas,36393.25,saldo_billetera,TRUE,Finanzas
USR_311,Rappi,delivery,104261.02,efectivo,FALSE,Alimentacion
USR_068,Hospital Italiano,atencion_medica,101770.38,tarjeta_debito,TRUE,Salud
USR_041,Lubricentro,mantenimiento_vehicular,19714,efectivo,TRUE,Transporte
USR_437,Rappi,delivery,18474.42,saldo_billetera,FALSE,Alimentacion
USR_334,Vivero Las Plantas,mantenimiento_y_muebles,67332.19,tarjeta_credito,FALSE,Hogar
USR_476,Burger King,restaurante,106551.97,saldo_billetera,FALSE,Alimentacion
USR_446,Farmacia Dr Ahorro,farmacia,25073.74,transferencia,TRUE,Salud
USR_498,Granja San Jose,carniceria_y_granja,84871.53,saldo_billetera,TRUE,Alimentacion
USR_054,MercadoPago Transferencia,transferencias,13441.32,transferencia,FALSE,Finanzas
USR_390,Laboratorio,atencion_medica,55257.79,saldo_billetera,TRUE,Salud
USR_058,Metrovias,transporte_publico,96218.58,transferencia,TRUE,Transporte
USR_316,Taller Mecanico,mantenimiento_vehicular,37243.63,tarjeta_credito,TRUE,Transporte
USR_102,Easy,mantenimiento_y_muebles,69919.26,transferencia,FALSE,Hogar
USR_361,Galeno,cobertura_medica,81017.21,efectivo,TRUE,Salud
USR_360,Envio de dinero,transferencias,115043.26,tarjeta_debito,FALSE,Finanzas
USR_329,Steam Games,hobbies_y_deportes,73416.41,transferencia,FALSE,Entretenimiento
USR_226,Granja San Jose,carniceria_y_granja,70854.28,efectivo,TRUE,Alimentacion
USR_059,Pizzeria La Continental,restaurante,47397.2,saldo_billetera,FALSE,Alimentacion
USR_333,Galeno,cobertura_medica,113610.01,tarjeta_credito,TRUE,Salud
USR_179,Uber,taxi_y_apps,15886.01,saldo_billetera,FALSE,Transporte
USR_224,Transferencia a Juan,transferencias,44233.22,tarjeta_credito,FALSE,Finanzas
USR_356,Personal Flow,servicios_basicos,17317.85,efectivo,TRUE,Hogar
USR_378,Consorcio Edificio,alquiler_y_expensas,86004.51,tarjeta_debito,TRUE,Hogar
USR_110,Amex,pago_tarjetas,22094.47,efectivo,TRUE,Finanzas
USR_182,Administracion Lopez,alquiler_y_expensas,119854.88,tarjeta_debito,TRUE,Hogar
USR_279,Consorcio Edificio,alquiler_y_expensas,90446.55,saldo_billetera,TRUE,Hogar
USR_411,Administracion Lopez,alquiler_y_expensas,74581.6,tarjeta_debito,TRUE,Hogar
USR_288,Farmacity,farmacia,60286.05,tarjeta_debito,TRUE,Salud
USR_393,Peluqueria Estilos,cuidado_personal,72991.61,saldo_billetera,FALSE,Entretenimiento
USR_090,Autopistas del Sol,peajes,107584.89,tarjeta_credito,TRUE,Transporte
USR_410,Steam Games,hobbies_y_deportes,35330.92,tarjeta_credito,FALSE,Entretenimiento
USR_195,AFIP,impuestos,23665.36,tarjeta_debito,TRUE,Finanzas
USR_427,Envio de dinero,transferencias,75787.58,tarjeta_debito,FALSE,Finanzas
USR_090,PedidosYa,delivery,58290.87,tarjeta_debito,FALSE,Alimentacion
USR_160,Vantage,farmacia,71691.07,saldo_billetera,TRUE,Salud
USR_431,Canchas de Futbol,hobbies_y_deportes,52266.43,saldo_billetera,FALSE,Entretenimiento
USR_389,Levis,indumentaria,93767.45,saldo_billetera,FALSE,Entretenimiento
USR_482,Sodimac,mantenimiento_y_muebles,89661.13,tarjeta_debito,FALSE,Hogar
USR_191,MercadoPago Transferencia,transferencias,73715.73,tarjeta_debito,FALSE,Finanzas
USR_224,YPF,combustible,110897.78,efectivo,TRUE,Transporte
USR_429,Peluqueria Estilos,cuidado_personal,69703.03,tarjeta_debito,FALSE,Entretenimiento
USR_257,Pizzeria La Continental,restaurante,49390.33,transferencia,FALSE,Alimentacion
USR_276,Peluqueria Estilos,cuidado_personal,72092.58,tarjeta_debito,FALSE,Entretenimiento
USR_099,Lubricentro,mantenimiento_vehicular,70054.13,efectivo,TRUE,Transporte
USR_144,Polleria,carniceria_y_granja,99635.55,transferencia,TRUE,Alimentacion
USR_389,AGIP,impuestos,111000.07,transferencia,TRUE,Finanzas
USR_382,Metrogas,servicios_basicos,63777.16,transferencia,TRUE,Hogar
USR_275,Taxi Premium,taxi_y_apps,72928.56,efectivo,FALSE,Transporte
USR_098,Centro Medico,atencion_medica,61481.62,tarjeta_credito,TRUE,Salud
USR_138,Inmobiliaria Sur,alquiler_y_expensas,41055.78,tarjeta_credito,TRUE,Hogar
USR_491,Didi,taxi_y_apps,105313.84,saldo_billetera,FALSE,Transporte
USR_498,AySA,servicios_basicos,49735.56,tarjeta_credito,TRUE,Hogar
USR_275,Autopistas del Sol,peajes,49017.98,efectivo,TRUE,Transporte
USR_175,Chino El Sol,supermercado,84455.67,tarjeta_debito,TRUE,Alimentacion
USR_252,Carga SUBE,transporte_publico,108222.78,transferencia,TRUE,Transporte
USR_311,ARBA,impuestos,44778.25,transferencia,TRUE,Finanzas
USR_240,Montagne,hobbies_y_deportes,93803.8,tarjeta_credito,FALSE,Entretenimiento
USR_189,Netflix,suscripciones_digitales,10606.24,tarjeta_credito,FALSE,Entretenimiento
USR_116,Farmacity,farmacia,38763.57,saldo_billetera,TRUE,Salud
USR_391,Adidas,indumentaria,32990.09,tarjeta_debito,FALSE,Entretenimiento
USR_482,Antares,restaurante,76414.06,saldo_billetera,FALSE,Alimentacion
USR_170,PedidosYa,delivery,48677.39,efectivo,FALSE,Alimentacion
USR_467,ARBA,impuestos,16894.61,tarjeta_debito,TRUE,Finanzas
USR_292,Swiss Medical,cobertura_medica,57369.85,tarjeta_credito,TRUE,Salud
USR_266,Polleria,carniceria_y_granja,101926.56,tarjeta_debito,TRUE,Alimentacion
USR_142,AFIP,impuestos,78207.36,efectivo,TRUE,Finanzas
USR_466,Amex,pago_tarjetas,11136.65,tarjeta_credito,TRUE,Finanzas
USR_440,Trenes Argentinos,transporte_publico,112030.65,tarjeta_debito,TRUE,Transporte
USR_160,HBO Max,suscripciones_digitales,4508.03,saldo_billetera,FALSE,Entretenimiento
USR_078,Shell,combustible,16914.44,transferencia,TRUE,Transporte
USR_474,Metrogas,servicios_basicos,29925.38,transferencia,TRUE,Hogar
USR_156,Carga SUBE,transporte_publico,4774.81,saldo_billetera,TRUE,Transporte
USR_352,Laboratorio,atencion_medica,116733.36,transferencia,TRUE,Salud
USR_336,Easy,mantenimiento_y_muebles,75793.96,tarjeta_debito,FALSE,Hogar
USR_361,Farmacity,farmacia,62148.72,saldo_billetera,TRUE,Salud
USR_346,Polleria,carniceria_y_granja,8453.46,tarjeta_credito,TRUE,Alimentacion
USR_470,Centro Medico,atencion_medica,116633.68,tarjeta_debito,TRUE,Salud
USR_169,Rappi,delivery,80742.61,transferencia,FALSE,Alimentacion
USR_486,Sodimac,mantenimiento_y_muebles,78198.01,tarjeta_credito,FALSE,Hogar
USR_032,Farmacity,farmacia,105417.37,tarjeta_debito,TRUE,Salud
USR_204,Movistar,servicios_basicos,78296.95,efectivo,TRUE,Hogar
USR_138,Centro Medico,atencion_medica,2635.93,saldo_billetera,TRUE,Salud
USR_141,Jumbo,supermercado,27707.06,efectivo,TRUE,Alimentacion
USR_219,ARBA,impuestos,118150.94,tarjeta_debito,TRUE,Finanzas
USR_192,Granja San Jose,carniceria_y_granja,94247.09,tarjeta_credito,TRUE,Alimentacion
USR_417,Nike,indumentaria,8372.51,efectivo,FALSE,Entretenimiento
USR_046,Administracion Lopez,alquiler_y_expensas,4259.24,tarjeta_debito,TRUE,Hogar
USR_062,Inmobiliaria Sur,alquiler_y_expensas,109149.63,efectivo,TRUE,Hogar
USR_402,Transferencia a Juan,transferencias,10748.08,tarjeta_debito,FALSE,Finanzas
USR_384,Administracion Lopez,alquiler_y_expensas,22494.79,saldo_billetera,TRUE,Hogar
USR_085,AySA,servicios_basicos,112498.75,efectivo,TRUE,Hogar
USR_338,OSDE,cobertura_medica,108529.77,tarjeta_credito,TRUE,Salud
USR_227,Farmacia Dr Ahorro,farmacia,97056.52,transferencia,TRUE,Salud
USR_044,Farmacity,farmacia,2788.7,saldo_billetera,TRUE,Salud
USR_315,Easy,mantenimiento_y_muebles,23773.82,tarjeta_debito,FALSE,Hogar
USR_203,AUSA Peajes,peajes,2073.26,transferencia,TRUE,Transporte
USR_363,Puma,combustible,47054.94,transferencia,TRUE,Transporte
USR_414,OSDE,cobertura_medica,94906.38,tarjeta_credito,TRUE,Salud
USR_381,Neumaticos,mantenimiento_vehicular,75157.05,transferencia,TRUE,Transporte
USR_266,Granja San Jose,carniceria_y_granja,64632.32,tarjeta_debito,TRUE,Alimentacion
USR_189,Ferreteria El Clavo,mantenimiento_y_muebles,88956.7,tarjeta_debito,FALSE,Hogar
USR_175,Antares,restaurante,2418.1,tarjeta_credito,FALSE,Alimentacion
USR_305,Polleria,carniceria_y_granja,51516.7,saldo_billetera,TRUE,Alimentacion
USR_156,Transferencia a Juan,transferencias,93431.65,saldo_billetera,FALSE,Finanzas
USR_266,Centro de Estetica,cuidado_personal,6371.91,tarjeta_debito,FALSE,Entretenimiento
USR_488,Vantage,farmacia,16137.85,tarjeta_credito,TRUE,Salud
USR_306,Netflix,suscripciones_digitales,65048.65,saldo_billetera,FALSE,Entretenimiento
USR_111,YPF,combustible,112126.68,transferencia,TRUE,Transporte
USR_076,Jumbo,supermercado,88098.74,tarjeta_debito,TRUE,Alimentacion
USR_043,Antares,restaurante,62906.93,tarjeta_debito,FALSE,Alimentacion
USR_212,Centro Medico,atencion_medica,8568.06,tarjeta_credito,TRUE,Salud
USR_142,OSDE,cobertura_medica,83845.21,tarjeta_credito,TRUE,Salud
USR_340,Spotify,suscripciones_digitales,11442.35,saldo_billetera,FALSE,Entretenimiento
USR_378,Telepase,peajes,104967.71,transferencia,TRUE,Transporte
USR_442,AGIP,impuestos,56162.89,tarjeta_credito,TRUE,Finanzas
USR_227,Transferencia a Juan,transferencias,1711.25,saldo_billetera,FALSE,Finanzas
USR_282,Carrefour,supermercado,49315.01,tarjeta_debito,TRUE,Alimentacion
USR_339,Neumaticos,mantenimiento_vehicular,74334.99,tarjeta_debito,TRUE,Transporte
USR_266,Centro Medico,atencion_medica,54024.6,tarjeta_credito,TRUE,Salud
USR_312,Burger King,restaurante,49541.78,saldo_billetera,FALSE,Alimentacion
USR_440,Visa Pago Tarjeta,pago_tarjetas,7109.74,tarjeta_debito,TRUE,Finanzas
USR_416,OSDE,cobertura_medica,34954.82,tarjeta_debito,TRUE,Salud
USR_180,Transferencia a Juan,transferencias,24489.29,tarjeta_debito,FALSE,Finanzas
USR_492,Metrovias,transporte_publico,86345.32,saldo_billetera,TRUE,Transporte
USR_069,Steam Games,hobbies_y_deportes,57471.26,transferencia,FALSE,Entretenimiento
USR_069,Carrefour,supermercado,76192,saldo_billetera,TRUE,Alimentacion
USR_257,Administracion Lopez,alquiler_y_expensas,69202.73,efectivo,TRUE,Hogar
USR_152,Galeno,cobertura_medica,91264.22,tarjeta_debito,TRUE,Salud
USR_117,Chino El Sol,supermercado,94780.65,tarjeta_debito,TRUE,Alimentacion
USR_442,Dia%,supermercado,98709.51,efectivo,TRUE,Alimentacion
USR_016,Amazon Prime,suscripciones_digitales,75885.68,tarjeta_credito,FALSE,Entretenimiento
USR_086,AUSA Peajes,peajes,58247.97,tarjeta_debito,TRUE,Transporte
USR_443,MercadoPago Transferencia,transferencias,9279.36,tarjeta_credito,FALSE,Finanzas
USR_207,Axion,combustible,80074.68,saldo_billetera,TRUE,Transporte
USR_259,Coto,supermercado,28649.85,transferencia,TRUE,Alimentacion
USR_429,Sodimac,mantenimiento_y_muebles,75658.83,transferencia,FALSE,Hogar
USR_114,Peluqueria Estilos,cuidado_personal,87679.37,transferencia,FALSE,Entretenimiento
USR_410,Barberia,cuidado_personal,101494.63,tarjeta_debito,FALSE,Entretenimiento
USR_280,Amazon Prime,suscripciones_digitales,31453.82,efectivo,FALSE,Entretenimiento
USR_155,Consorcio Edificio,alquiler_y_expensas,35864.82,efectivo,TRUE,Hogar
USR_234,Telepase,peajes,111048.02,tarjeta_credito,TRUE,Transporte
USR_436,Hospital Italiano,atencion_medica,94842.61,efectivo,TRUE,Salud
USR_131,Vantage,farmacia,32984.49,tarjeta_debito,TRUE,Salud
USR_499,Antares,restaurante,40640.36,efectivo,FALSE,Alimentacion
USR_211,Neumaticos,mantenimiento_vehicular,1134.25,tarjeta_debito,TRUE,Transporte
USR_065,Pizzeria La Continental,restaurante,57344.35,saldo_billetera,FALSE,Alimentacion
USR_076,AGIP,impuestos,60937.78,tarjeta_debito,TRUE,Finanzas
USR_143,Vivero Las Plantas,mantenimiento_y_muebles,101861.6,tarjeta_credito,FALSE,Hogar
USR_032,Mastercard,pago_tarjetas,86302.58,tarjeta_credito,TRUE,Finanzas
USR_461,Centro Medico,atencion_medica,67903.64,transferencia,TRUE,Salud
USR_460,Edenor,servicios_basicos,11370.49,efectivo,TRUE,Hogar
USR_036,Granja San Jose,carniceria_y_granja,55549.54,tarjeta_credito,TRUE,Alimentacion
USR_413,Granja San Jose,carniceria_y_granja,33294.16,tarjeta_credito,TRUE,Alimentacion
USR_184,Centro Medico,atencion_medica,12298.79,saldo_billetera,TRUE,Salud
USR_262,Antares,restaurante,113226.26,tarjeta_credito,FALSE,Alimentacion
USR_305,OSDE,cobertura_medica,90342.87,saldo_billetera,TRUE,Salud
USR_262,Hospital Italiano,atencion_medica,60357.55,tarjeta_debito,TRUE,Salud
USR_405,PedidosYa,delivery,48349.65,tarjeta_credito,FALSE,Alimentacion
USR_307,Netflix,suscripciones_digitales,51716.58,tarjeta_credito,FALSE,Entretenimiento
USR_281,Administracion Lopez,alquiler_y_expensas,88850.33,efectivo,TRUE,Hogar
USR_202,Centro de Estetica,cuidado_personal,103146.79,transferencia,FALSE,Entretenimiento
USR_461,Galeno,cobertura_medica,80669.75,tarjeta_credito,TRUE,Salud
USR_188,Personal Flow,servicios_basicos,26338.85,saldo_billetera,TRUE,Hogar
USR_477,Centro Medico,atencion_medica,84270.22,transferencia,TRUE,Salud
USR_124,Dia%,supermercado,103891.88,efectivo,TRUE,Alimentacion
USR_367,Carrefour,supermercado,12243.2,saldo_billetera,TRUE,Alimentacion
USR_062,Metrovias,transporte_publico,69230.7,tarjeta_credito,TRUE,Transporte
USR_239,Vivero Las Plantas,mantenimiento_y_muebles,115478.84,transferencia,FALSE,Hogar
USR_463,Chino El Sol,supermercado,108547.72,tarjeta_credito,TRUE,Alimentacion
USR_070,Barberia,cuidado_personal,3373.36,transferencia,FALSE,Entretenimiento
USR_477,AGIP,impuestos,113796.02,transferencia,TRUE,Finanzas
USR_075,Nike,indumentaria,58761.9,efectivo,FALSE,Entretenimiento
USR_079,Carniceria Los Hermanos,carniceria_y_granja,37211.19,transferencia,TRUE,Alimentacion
USR_392,Trenes Argentinos,transporte_publico,42572.98,efectivo,TRUE,Transporte
USR_412,Carrefour,supermercado,30428.24,transferencia,TRUE,Alimentacion
USR_064,Amex,pago_tarjetas,45801.29,tarjeta_debito,TRUE,Finanzas
USR_435,Visa Pago Tarjeta,pago_tarjetas,118671.2,transferencia,TRUE,Finanzas
USR_066,Carniceria Los Hermanos,carniceria_y_granja,24775.11,tarjeta_credito,TRUE,Alimentacion
USR_114,Antares,restaurante,98717.2,saldo_billetera,FALSE,Alimentacion
USR_218,Peluqueria Estilos,cuidado_personal,70554.92,tarjeta_debito,FALSE,Entretenimiento
USR_181,Vivero Las Plantas,mantenimiento_y_muebles,46183.03,efectivo,FALSE,Hogar
USR_310,Pizzeria La Continental,restaurante,119407.09,tarjeta_credito,FALSE,Alimentacion
USR_007,Centro de Estetica,cuidado_personal,73170.99,saldo_billetera,FALSE,Entretenimiento
USR_265,MercadoPago Transferencia,transferencias,7139.75,saldo_billetera,FALSE,Finanzas
USR_035,Laboratorio,atencion_medica,61682.19,tarjeta_credito,TRUE,Salud
USR_110,Telepase,peajes,1139.59,saldo_billetera,TRUE,Transporte
USR_469,Amazon Prime,suscripciones_digitales,24532.62,tarjeta_debito,FALSE,Entretenimiento
USR_236,Canchas de Futbol,hobbies_y_deportes,60257.09,saldo_billetera,FALSE,Entretenimiento
USR_060,Montagne,hobbies_y_deportes,3541.15,transferencia,FALSE,Entretenimiento
USR_433,Envio de dinero,transferencias,101571.9,tarjeta_debito,FALSE,Finanzas
USR_493,Chino El Sol,supermercado,84954.42,efectivo,TRUE,Alimentacion
USR_100,Adidas,indumentaria,33818.17,tarjeta_debito,FALSE,Entretenimiento
USR_133,Carga SUBE,transporte_publico,3197.36,tarjeta_debito,TRUE,Transporte
USR_336,Telepase,peajes,84950.14,transferencia,TRUE,Transporte
USR_301,Amex,pago_tarjetas,102848.37,transferencia,TRUE,Finanzas
USR_409,Zara,indumentaria,101015.95,saldo_billetera,FALSE,Entretenimiento
USR_285,Ferreteria El Clavo,mantenimiento_y_muebles,55262.25,tarjeta_debito,FALSE,Hogar
USR_284,YPF,combustible,89409.3,efectivo,TRUE,Transporte
USR_338,Sodimac,mantenimiento_y_muebles,104873.21,tarjeta_debito,FALSE,Hogar
USR_369,Centro Medico,atencion_medica,113964.73,tarjeta_debito,TRUE,Salud
USR_183,Spotify,suscripciones_digitales,114687.08,tarjeta_credito,FALSE,Entretenimiento
USR_158,Swiss Medical,cobertura_medica,112285.46,transferencia,TRUE,Salud
USR_095,Canchas de Futbol,hobbies_y_deportes,111003.22,saldo_billetera,FALSE,Entretenimiento
USR_475,Centro de Estetica,cuidado_personal,102613.62,tarjeta_debito,FALSE,Entretenimiento
USR_067,Rappi,delivery,111012.02,efectivo,FALSE,Alimentacion
USR_137,Centro Medico,atencion_medica,12006.3,saldo_billetera,TRUE,Salud
USR_270,Antares,restaurante,16118.29,saldo_billetera,FALSE,Alimentacion
USR_014,Zara,indumentaria,31432.31,transferencia,FALSE,Entretenimiento
USR_299,Pizzeria La Continental,restaurante,25231.61,tarjeta_credito,FALSE,Alimentacion
USR_264,Mastercard,pago_tarjetas,19911.03,transferencia,TRUE,Finanzas
USR_137,Galeno,cobertura_medica,23494.63,efectivo,TRUE,Salud
USR_432,Rappi,delivery,108850.93,tarjeta_debito,FALSE,Alimentacion
USR_165,Metrogas,servicios_basicos,74353.77,saldo_billetera,TRUE,Hogar
USR_293,Netflix,suscripciones_digitales,93805.52,tarjeta_credito,FALSE,Entretenimiento
USR_447,Inmobiliaria Sur,alquiler_y_expensas,64424.31,tarjeta_debito,TRUE,Hogar
USR_143,AGIP,impuestos,76382.64,efectivo,TRUE,Finanzas
USR_394,OSDE,cobertura_medica,51906.03,tarjeta_credito,TRUE,Salud
USR_185,Amazon Prime,suscripciones_digitales,114216.75,tarjeta_credito,FALSE,Entretenimiento
USR_284,Puma,combustible,115148.17,efectivo,TRUE,Transporte
USR_040,Jumbo,supermercado,65037.76,saldo_billetera,TRUE,Alimentacion
USR_342,Carniceria Los Hermanos,carniceria_y_granja,84948.14,efectivo,TRUE,Alimentacion
USR_278,Movistar,servicios_basicos,104394.31,transferencia,TRUE,Hogar
USR_060,Granja San Jose,carniceria_y_granja,17109.56,tarjeta_debito,TRUE,Alimentacion
USR_059,Vantage,farmacia,54405.05,saldo_billetera,TRUE,Salud
USR_057,Centro de Estetica,cuidado_personal,39042.96,saldo_billetera,FALSE,Entretenimiento
USR_019,AFIP,impuestos,22171.49,efectivo,TRUE,Finanzas
USR_182,Amex,pago_tarjetas,31774.55,tarjeta_credito,TRUE,Finanzas
USR_374,Antares,restaurante,24305.05,transferencia,FALSE,Alimentacion
USR_114,Metrogas,servicios_basicos,30275.07,tarjeta_credito,TRUE,Hogar
USR_434,Swiss Medical,cobertura_medica,38995.16,tarjeta_debito,TRUE,Salud
USR_149,Puma,combustible,49248.43,transferencia,TRUE,Transporte
USR_173,Ferreteria El Clavo,mantenimiento_y_muebles,110583.05,efectivo,FALSE,Hogar
USR_127,YPF,combustible,111242.43,saldo_billetera,TRUE,Transporte
USR_343,Galeno,cobertura_medica,7981.47,saldo_billetera,TRUE,Salud
USR_419,Envio de dinero,transferencias,10656.63,saldo_billetera,FALSE,Finanzas
USR_457,Spotify,suscripciones_digitales,12276.25,saldo_billetera,FALSE,Entretenimiento
USR_328,Centro Medico,atencion_medica,48176.83,saldo_billetera,TRUE,Salud
USR_298,Galeno,cobertura_medica,45233.17,saldo_billetera,TRUE,Salud
USR_222,Neumaticos,mantenimiento_vehicular,73064.66,transferencia,TRUE,Transporte
USR_416,Granja San Jose,carniceria_y_granja,114210.6,tarjeta_debito,TRUE,Alimentacion
USR_205,Metrovias,transporte_publico,25195.85,saldo_billetera,TRUE,Transporte
USR_362,Vivero Las Plantas,mantenimiento_y_muebles,37431.7,transferencia,FALSE,Hogar
USR_272,Ferreteria El Clavo,mantenimiento_y_muebles,33782.81,tarjeta_credito,FALSE,Hogar
USR_083,Zara,indumentaria,6005.73,tarjeta_debito,FALSE,Entretenimiento
USR_479,Amazon Prime,suscripciones_digitales,25232.83,saldo_billetera,FALSE,Entretenimiento
USR_225,Hospital Italiano,atencion_medica,72773.95,tarjeta_credito,TRUE,Salud
USR_181,Axion,combustible,11215.17,efectivo,TRUE,Transporte
USR_345,Ferreteria El Clavo,mantenimiento_y_muebles,67499.31,efectivo,FALSE,Hogar
USR_441,Administracion Lopez,alquiler_y_expensas,38326.25,tarjeta_debito,TRUE,Hogar
USR_141,Carniceria Los Hermanos,carniceria_y_granja,17132.16,saldo_billetera,TRUE,Alimentacion
USR_400,Rappi,delivery,1980.31,tarjeta_credito,FALSE,Alimentacion
USR_295,HBO Max,suscripciones_digitales,48382.84,saldo_billetera,FALSE,Entretenimiento
USR_292,Zara,indumentaria,77487.86,efectivo,FALSE,Entretenimiento
USR_183,Steam Games,hobbies_y_deportes,117680.37,efectivo,FALSE,Entretenimiento
USR_403,Carrefour,supermercado,27221.82,transferencia,TRUE,Alimentacion
USR_168,MercadoPago Transferencia,transferencias,46842.83,tarjeta_credito,FALSE,Finanzas
USR_344,Vivero Las Plantas,mantenimiento_y_muebles,70076.77,transferencia,FALSE,Hogar
USR_328,AySA,servicios_basicos,53820.22,transferencia,TRUE,Hogar
USR_414,Mastercard,pago_tarjetas,104628.11,tarjeta_debito,TRUE,Finanzas
USR_384,Farmacity,farmacia,102014.52,efectivo,TRUE,Salud
USR_500,Adidas,indumentaria,106024.82,efectivo,FALSE,Entretenimiento
USR_335,Metrogas,servicios_basicos,96537.69,efectivo,TRUE,Hogar
USR_248,Ferreteria El Clavo,mantenimiento_y_muebles,25630.85,tarjeta_debito,FALSE,Hogar
USR_044,Easy,mantenimiento_y_muebles,90733.18,tarjeta_debito,FALSE,Hogar
USR_400,Centro de Estetica,cuidado_personal,21996.81,tarjeta_credito,FALSE,Entretenimiento
USR_054,Mastercard,pago_tarjetas,28589.69,tarjeta_credito,TRUE,Finanzas
USR_301,Cafe Martinez,restaurante,6401.87,tarjeta_debito,FALSE,Alimentacion
USR_469,Dia%,supermercado,70146.16,efectivo,TRUE,Alimentacion
USR_133,Barberia,cuidado_personal,52084.32,tarjeta_credito,FALSE,Entretenimiento
USR_009,Mastercard,pago_tarjetas,79898.59,efectivo,TRUE,Finanzas
USR_425,MercadoPago Transferencia,transferencias,94717.99,tarjeta_credito,FALSE,Finanzas
USR_356,Mastercard,pago_tarjetas,103089.23,tarjeta_credito,TRUE,Finanzas
USR_143,Edenor,servicios_basicos,2910.5,transferencia,TRUE,Hogar
USR_065,Swiss Medical,cobertura_medica,109893.59,tarjeta_debito,TRUE,Salud
USR_465,Nike,indumentaria,115186.95,tarjeta_debito,FALSE,Entretenimiento
USR_195,Levis,indumentaria,38545.38,saldo_billetera,FALSE,Entretenimiento
USR_422,MercadoPago Transferencia,transferencias,77131.52,transferencia,FALSE,Finanzas
USR_492,Farmacity,farmacia,80169.19,saldo_billetera,TRUE,Salud
USR_194,Metrogas,servicios_basicos,29079.22,efectivo,TRUE,Hogar
USR_326,OSDE,cobertura_medica,20836.04,tarjeta_credito,TRUE,Salud
USR_231,Pizzeria La Continental,restaurante,7419.06,efectivo,FALSE,Alimentacion
USR_356,Ferreteria El Clavo,mantenimiento_y_muebles,74508.41,saldo_billetera,FALSE,Hogar
USR_302,Mastercard,pago_tarjetas,32796.28,efectivo,TRUE,Finanzas
USR_216,Transferencia a Juan,transferencias,97309.92,tarjeta_credito,FALSE,Finanzas
USR_468,Galeno,cobertura_medica,55766.61,transferencia,TRUE,Salud
USR_135,OSDE,cobertura_medica,107714.26,transferencia,TRUE,Salud
USR_222,Consorcio Edificio,alquiler_y_expensas,87786.97,tarjeta_debito,TRUE,Hogar
USR_445,Canchas de Futbol,hobbies_y_deportes,22982.86,saldo_billetera,FALSE,Entretenimiento
USR_413,Farmacity,farmacia,70938.67,efectivo,TRUE,Salud
USR_225,Easy,mantenimiento_y_muebles,45658.14,tarjeta_credito,FALSE,Hogar
USR_120,ARBA,impuestos,9854.76,tarjeta_credito,TRUE,Finanzas
USR_166,Trenes Argentinos,transporte_publico,7841.23,saldo_billetera,TRUE,Transporte
USR_027,Jumbo,supermercado,74991.97,transferencia,TRUE,Alimentacion
USR_050,Mastercard,pago_tarjetas,72197.31,efectivo,TRUE,Finanzas
USR_163,Telepase,peajes,72834.93,tarjeta_debito,TRUE,Transporte
USR_208,Lubricentro,mantenimiento_vehicular,95040.28,saldo_billetera,TRUE,Transporte
USR_131,Farmacity,farmacia,64953.54,tarjeta_debito,TRUE,Salud
USR_464,Centro de Estetica,cuidado_personal,109569.75,efectivo,FALSE,Entretenimiento
USR_408,Vivero Las Plantas,mantenimiento_y_muebles,61834.44,saldo_billetera,FALSE,Hogar
USR_035,Carniceria Los Hermanos,carniceria_y_granja,110320.83,transferencia,TRUE,Alimentacion
USR_214,Farmacity,farmacia,4534.68,tarjeta_debito,TRUE,Salud
USR_405,Telepase,peajes,93228.98,transferencia,TRUE,Transporte
USR_401,Amazon Prime,suscripciones_digitales,94868.67,saldo_billetera,FALSE,Entretenimiento
USR_488,Granja San Jose,carniceria_y_granja,90408.28,efectivo,TRUE,Alimentacion
USR_163,Vantage,farmacia,38755.7,saldo_billetera,TRUE,Salud
USR_101,Barberia,cuidado_personal,42630.01,efectivo,FALSE,Entretenimiento
USR_208,Hospital Italiano,atencion_medica,116924.13,transferencia,TRUE,Salud
USR_059,Visa Pago Tarjeta,pago_tarjetas,94373.47,tarjeta_debito,TRUE,Finanzas
USR_327,Amex,pago_tarjetas,91362.35,efectivo,TRUE,Finanzas
USR_188,Sodimac,mantenimiento_y_muebles,35365.35,tarjeta_credito,FALSE,Hogar
USR_389,Transferencia a Juan,transferencias,69156.46,efectivo,FALSE,Finanzas
USR_130,Mastercard,pago_tarjetas,65503.55,transferencia,TRUE,Finanzas
USR_073,Galeno,cobertura_medica,92705.18,tarjeta_debito,TRUE,Salud
USR_117,Uber,taxi_y_apps,106280.77,tarjeta_credito,FALSE,Transporte
USR_150,Rappi,delivery,58676.27,tarjeta_debito,FALSE,Alimentacion
USR_160,Envio de dinero,transferencias,56556.01,tarjeta_credito,FALSE,Finanzas
USR_392,PedidosYa,delivery,113275.1,tarjeta_credito,FALSE,Alimentacion
USR_357,Antares,restaurante,39868.59,tarjeta_credito,FALSE,Alimentacion
USR_431,Envio de dinero,transferencias,4208.21,tarjeta_debito,FALSE,Finanzas
USR_263,Netflix,suscripciones_digitales,12727.85,tarjeta_credito,FALSE,Entretenimiento
USR_422,OSDE,cobertura_medica,45223.93,tarjeta_credito,TRUE,Salud
USR_132,Burger King,restaurante,108161.5,saldo_billetera,FALSE,Alimentacion
USR_460,Ferreteria El Clavo,mantenimiento_y_muebles,112820.32,efectivo,FALSE,Hogar
USR_008,Amazon Prime,suscripciones_digitales,21267.14,efectivo,FALSE,Entretenimiento
USR_365,Rappi,delivery,14040.62,tarjeta_credito,FALSE,Alimentacion
USR_295,PedidosYa,delivery,14069.86,saldo_billetera,FALSE,Alimentacion
USR_318,AFIP,impuestos,96429.04,saldo_billetera,TRUE,Finanzas
USR_439,Edenor,servicios_basicos,75530.31,transferencia,TRUE,Hogar
USR_061,Consorcio Edificio,alquiler_y_expensas,110565.85,saldo_billetera,TRUE,Hogar
USR_220,Personal Flow,servicios_basicos,102905.12,efectivo,TRUE,Hogar
USR_253,Easy,mantenimiento_y_muebles,32928.46,saldo_billetera,FALSE,Hogar
USR_423,Chino El Sol,supermercado,107250.08,saldo_billetera,TRUE,Alimentacion
USR_461,Inmobiliaria Sur,alquiler_y_expensas,55614.63,tarjeta_credito,TRUE,Hogar
USR_122,HBO Max,suscripciones_digitales,117202.66,saldo_billetera,FALSE,Entretenimiento
USR_277,Inmobiliaria Sur,alquiler_y_expensas,63344.03,transferencia,TRUE,Hogar
USR_199,Zara,indumentaria,6451.71,transferencia,FALSE,Entretenimiento
USR_138,Vantage,farmacia,23510.61,tarjeta_credito,TRUE,Salud
USR_089,Levis,indumentaria,97317.13,tarjeta_credito,FALSE,Entretenimiento
USR_280,Rappi,delivery,74137.7,tarjeta_credito,FALSE,Alimentacion
USR_152,Barberia,cuidado_personal,12556,efectivo,FALSE,Entretenimiento
USR_496,Farmacia Dr Ahorro,farmacia,99457.89,tarjeta_credito,TRUE,Salud
USR_062,Spotify,suscripciones_digitales,39607.89,transferencia,FALSE,Entretenimiento
USR_081,Carniceria Los Hermanos,carniceria_y_granja,27180.34,transferencia,TRUE,Alimentacion
USR_324,Farmacia Dr Ahorro,farmacia,61582.83,transferencia,TRUE,Salud
USR_024,Lubricentro,mantenimiento_vehicular,71028.25,transferencia,TRUE,Transporte
USR_494,Telepase,peajes,104748.64,tarjeta_debito,TRUE,Transporte
USR_208,Metrovias,transporte_publico,24638.39,tarjeta_debito,TRUE,Transporte
USR_129,Dia%,supermercado,16020.3,tarjeta_credito,TRUE,Alimentacion
USR_343,Galeno,cobertura_medica,53806.38,saldo_billetera,TRUE,Salud
USR_041,Personal Flow,servicios_basicos,76359.03,saldo_billetera,TRUE,Hogar
USR_318,Inmobiliaria Sur,alquiler_y_expensas,30314.43,efectivo,TRUE,Hogar
USR_140,Easy,mantenimiento_y_muebles,20328.24,saldo_billetera,FALSE,Hogar
USR_089,Consorcio Edificio,alquiler_y_expensas,64993.95,efectivo,TRUE,Hogar
USR_280,Steam Games,hobbies_y_deportes,60242.92,efectivo,FALSE,Entretenimiento
USR_276,Taller Mecanico,mantenimiento_vehicular,23789.77,transferencia,TRUE,Transporte
USR_212,Steam Games,hobbies_y_deportes,87585.2,efectivo,FALSE,Entretenimiento
USR_104,Lubricentro,mantenimiento_vehicular,58196.53,saldo_billetera,TRUE,Transporte
USR_300,Farmacia Dr Ahorro,farmacia,94934.33,tarjeta_credito,TRUE,Salud
USR_181,Vantage,farmacia,78519.84,tarjeta_credito,TRUE,Salud
USR_319,Neumaticos,mantenimiento_vehicular,59816.44,transferencia,TRUE,Transporte
USR_251,Inmobiliaria Sur,alquiler_y_expensas,90755.56,saldo_billetera,TRUE,Hogar
USR_122,Consorcio Edificio,alquiler_y_expensas,2945.83,tarjeta_debito,TRUE,Hogar
USR_035,Transferencia a Juan,transferencias,89141.36,tarjeta_credito,FALSE,Finanzas
USR_090,AFIP,impuestos,43935.92,efectivo,TRUE,Finanzas
USR_454,Farmacity,farmacia,24803.39,transferencia,TRUE,Salud
USR_203,Farmacia Dr Ahorro,farmacia,8604.18,saldo_billetera,TRUE,Salud
USR_434,Hospital Italiano,atencion_medica,118884.19,efectivo,TRUE,Salud
USR_103,Netflix,suscripciones_digitales,47760.29,saldo_billetera,FALSE,Entretenimiento
USR_260,Adidas,indumentaria,32979.12,saldo_billetera,FALSE,Entretenimiento
USR_014,Telepase,peajes,7621.24,saldo_billetera,TRUE,Transporte
USR_287,Vivero Las Plantas,mantenimiento_y_muebles,78780.36,tarjeta_credito,FALSE,Hogar
USR_159,Sodimac,mantenimiento_y_muebles,12383.53,efectivo,FALSE,Hogar
USR_139,Inmobiliaria Sur,alquiler_y_expensas,39044.96,efectivo,TRUE,Hogar
USR_043,Mastercard,pago_tarjetas,14635.85,tarjeta_credito,TRUE,Finanzas
USR_265,Metrovias,transporte_publico,27308.34,transferencia,TRUE,Transporte
USR_225,Edenor,servicios_basicos,92393.04,saldo_billetera,TRUE,Hogar
USR_279,Administracion Lopez,alquiler_y_expensas,50718.32,tarjeta_debito,TRUE,Hogar
USR_089,HBO Max,suscripciones_digitales,63581.4,transferencia,FALSE,Entretenimiento
USR_232,Granja San Jose,carniceria_y_granja,92913.59,tarjeta_debito,TRUE,Alimentacion
USR_284,Galeno,cobertura_medica,31032.12,tarjeta_credito,TRUE,Salud
USR_345,Edenor,servicios_basicos,111309.45,tarjeta_credito,TRUE,Hogar
USR_204,Metrogas,servicios_basicos,45800.11,saldo_billetera,TRUE,Hogar
USR_285,Hospital Italiano,atencion_medica,2900.62,saldo_billetera,TRUE,Salud
USR_379,Carrefour,supermercado,6826.04,tarjeta_credito,TRUE,Alimentacion
USR_358,Swiss Medical,cobertura_medica,110238.74,tarjeta_debito,TRUE,Salud
USR_395,Jumbo,supermercado,43356.29,tarjeta_debito,TRUE,Alimentacion
USR_120,Rappi,delivery,20969.04,transferencia,FALSE,Alimentacion
USR_115,Visa Pago Tarjeta,pago_tarjetas,11452.48,tarjeta_credito,TRUE,Finanzas
USR_153,YPF,combustible,49483.09,saldo_billetera,TRUE,Transporte
USR_021,Peluqueria Estilos,cuidado_personal,74168.84,tarjeta_credito,FALSE,Entretenimiento
USR_227,Movistar,servicios_basicos,80971.64,saldo_billetera,TRUE,Hogar
USR_092,Nike,indumentaria,86660.58,tarjeta_debito,FALSE,Entretenimiento
USR_314,MercadoPago Transferencia,transferencias,87433.91,tarjeta_debito,FALSE,Finanzas
USR_082,Laboratorio,atencion_medica,47268.2,tarjeta_debito,TRUE,Salud
USR_251,Telepase,peajes,88219.92,transferencia,TRUE,Transporte
USR_109,Amazon Prime,suscripciones_digitales,108761.64,saldo_billetera,FALSE,Entretenimiento
USR_013,Jumbo,supermercado,114426.43,tarjeta_credito,TRUE,Alimentacion
USR_288,Hospital Italiano,atencion_medica,50068.27,tarjeta_credito,TRUE,Salud
USR_041,Levis,indumentaria,49029.38,transferencia,FALSE,Entretenimiento
USR_346,AFIP,impuestos,68202.81,tarjeta_credito,TRUE,Finanzas
USR_255,Adidas,indumentaria,3491.79,efectivo,FALSE,Entretenimiento
USR_045,Granja San Jose,carniceria_y_granja,106720.78,tarjeta_credito,TRUE,Alimentacion
USR_230,AUSA Peajes,peajes,68417.29,saldo_billetera,TRUE,Transporte
USR_125,Polleria,carniceria_y_granja,50517.37,saldo_billetera,TRUE,Alimentacion
USR_292,AFIP,impuestos,89704.73,tarjeta_credito,TRUE,Finanzas
USR_100,AFIP,impuestos,113734.9,saldo_billetera,TRUE,Finanzas
USR_434,Telepase,peajes,55390.01,efectivo,TRUE,Transporte
USR_071,Trenes Argentinos,transporte_publico,42743.48,saldo_billetera,TRUE,Transporte
USR_246,Administracion Lopez,alquiler_y_expensas,75288.59,transferencia,TRUE,Hogar
USR_234,Cabify,taxi_y_apps,59146.38,tarjeta_debito,FALSE,Transporte
USR_010,Envio de dinero,transferencias,52453.33,efectivo,FALSE,Finanzas
USR_443,Laboratorio,atencion_medica,60523.72,efectivo,TRUE,Salud
USR_281,Shell,combustible,29303.16,transferencia,TRUE,Transporte
USR_480,AGIP,impuestos,40191.34,tarjeta_debito,TRUE,Finanzas
USR_091,PedidosYa,delivery,19341.02,efectivo,FALSE,Alimentacion
USR_296,Swiss Medical,cobertura_medica,101766.56,tarjeta_debito,TRUE,Salud
USR_429,Barberia,cuidado_personal,28062.67,tarjeta_debito,FALSE,Entretenimiento
USR_002,Envio de dinero,transferencias,8476.87,tarjeta_credito,FALSE,Finanzas
USR_420,MercadoPago Transferencia,transferencias,92484.68,tarjeta_credito,FALSE,Finanzas
USR_451,Netflix,suscripciones_digitales,25774.66,saldo_billetera,FALSE,Entretenimiento
USR_460,Amazon Prime,suscripciones_digitales,16922.54,tarjeta_credito,FALSE,Entretenimiento
USR_118,Levis,indumentaria,71075.51,tarjeta_credito,FALSE,Entretenimiento
USR_223,Autopistas del Sol,peajes,50560.8,tarjeta_credito,TRUE,Transporte
USR_104,Transferencia a Juan,transferencias,59116.5,efectivo,FALSE,Finanzas
USR_031,Antares,restaurante,66454.2,efectivo,FALSE,Alimentacion
USR_412,Montagne,hobbies_y_deportes,1526.96,tarjeta_debito,FALSE,Entretenimiento
USR_357,Antares,restaurante,96712.96,efectivo,FALSE,Alimentacion
USR_209,Uber,taxi_y_apps,17913.85,tarjeta_debito,FALSE,Transporte
USR_104,Carga SUBE,transporte_publico,115190.4,transferencia,TRUE,Transporte
USR_410,AGIP,impuestos,2066.9,efectivo,TRUE,Finanzas
USR_262,Vivero Las Plantas,mantenimiento_y_muebles,88372.59,saldo_billetera,FALSE,Hogar
USR_243,Taller Mecanico,mantenimiento_vehicular,113377.31,transferencia,TRUE,Transporte
USR_403,Consorcio Edificio,alquiler_y_expensas,1852.5,transferencia,TRUE,Hogar
USR_373,Carga SUBE,transporte_publico,79690.41,efectivo,TRUE,Transporte
USR_283,PedidosYa,delivery,25561.98,efectivo,FALSE,Alimentacion
USR_150,Transferencia a Juan,transferencias,94912.04,tarjeta_credito,FALSE,Finanzas
USR_335,Carga SUBE,transporte_publico,66056.34,transferencia,TRUE,Transporte
USR_069,Galeno,cobertura_medica,104993.24,efectivo,TRUE,Salud
USR_113,Ferreteria El Clavo,mantenimiento_y_muebles,107861.54,transferencia,FALSE,Hogar
USR_495,Telepase,peajes,42355.06,saldo_billetera,TRUE,Transporte
USR_296,Shell,combustible,27951.43,tarjeta_credito,TRUE,Transporte
USR_041,Vivero Las Plantas,mantenimiento_y_muebles,71678.84,tarjeta_credito,FALSE,Hogar
USR_487,Didi,taxi_y_apps,91504.56,efectivo,FALSE,Transporte
USR_019,Ferreteria El Clavo,mantenimiento_y_muebles,89059.87,tarjeta_debito,FALSE,Hogar
USR_125,Zara,indumentaria,23103.63,tarjeta_credito,FALSE,Entretenimiento
USR_491,Amazon Prime,suscripciones_digitales,110751.96,saldo_billetera,FALSE,Entretenimiento
USR_422,Galeno,cobertura_medica,17373.68,tarjeta_debito,TRUE,Salud
USR_041,Laboratorio,atencion_medica,11857.1,tarjeta_debito,TRUE,Salud
USR_401,Galeno,cobertura_medica,78645.39,transferencia,TRUE,Salud
USR_258,Consorcio Edificio,alquiler_y_expensas,78321.99,saldo_billetera,TRUE,Hogar
USR_461,Vantage,farmacia,12266.21,tarjeta_debito,TRUE,Salud
USR_323,Hospital Italiano,atencion_medica,115922.11,tarjeta_debito,TRUE,Salud
USR_494,Laboratorio,atencion_medica,2790.27,transferencia,TRUE,Salud
USR_072,Hospital Italiano,atencion_medica,6635.33,efectivo,TRUE,Salud
USR_250,Carga SUBE,transporte_publico,29015.44,tarjeta_debito,TRUE,Transporte
USR_358,Trenes Argentinos,transporte_publico,17976.99,transferencia,TRUE,Transporte
USR_118,Movistar,servicios_basicos,39129.18,efectivo,TRUE,Hogar
USR_476,Inmobiliaria Sur,alquiler_y_expensas,81843.81,efectivo,TRUE,Hogar
USR_272,Swiss Medical,cobertura_medica,111036.81,tarjeta_credito,TRUE,Salud
USR_229,Vantage,farmacia,60098.86,tarjeta_credito,TRUE,Salud
USR_247,Amex,pago_tarjetas,76354.34,transferencia,TRUE,Finanzas
USR_178,ARBA,impuestos,108527.98,tarjeta_debito,TRUE,Finanzas
USR_093,Telepase,peajes,10669.36,tarjeta_credito,TRUE,Transporte
USR_369,Taxi Premium,taxi_y_apps,78747.13,transferencia,FALSE,Transporte
USR_350,Transferencia a Juan,transferencias,105270.96,saldo_billetera,FALSE,Finanzas
USR_213,Polleria,carniceria_y_granja,81978.82,efectivo,TRUE,Alimentacion
USR_147,HBO Max,suscripciones_digitales,74564.2,tarjeta_credito,FALSE,Entretenimiento
USR_294,Cabify,taxi_y_apps,74419.36,tarjeta_credito,FALSE,Transporte
USR_202,Chino El Sol,supermercado,115700.03,tarjeta_debito,TRUE,Alimentacion
USR_239,MercadoPago Transferencia,transferencias,46471.8,tarjeta_credito,FALSE,Finanzas
USR_063,Polleria,carniceria_y_granja,70697.81,efectivo,TRUE,Alimentacion
USR_492,Neumaticos,mantenimiento_vehicular,104570.89,efectivo,TRUE,Transporte
USR_477,Carniceria Los Hermanos,carniceria_y_granja,64980.21,tarjeta_credito,TRUE,Alimentacion
USR_152,Peluqueria Estilos,cuidado_personal,54758.14,saldo_billetera,FALSE,Entretenimiento
USR_173,ARBA,impuestos,93178.36,transferencia,TRUE,Finanzas
USR_207,Canchas de Futbol,hobbies_y_deportes,24953.38,tarjeta_debito,FALSE,Entretenimiento
USR_318,Movistar,servicios_basicos,2650.16,efectivo,TRUE,Hogar
USR_260,Ferreteria El Clavo,mantenimiento_y_muebles,3157.62,efectivo,FALSE,Hogar
USR_255,HBO Max,suscripciones_digitales,79571.17,saldo_billetera,FALSE,Entretenimiento
USR_067,AGIP,impuestos,24887.62,tarjeta_debito,TRUE,Finanzas
USR_280,AFIP,impuestos,84538.8,transferencia,TRUE,Finanzas
USR_369,Steam Games,hobbies_y_deportes,114889.15,efectivo,FALSE,Entretenimiento
USR_476,Taller Mecanico,mantenimiento_vehicular,88910.13,tarjeta_credito,TRUE,Transporte
USR_339,Amex,pago_tarjetas,22647.56,saldo_billetera,TRUE,Finanzas
USR_459,Antares,restaurante,63972.73,saldo_billetera,FALSE,Alimentacion
USR_254,Adidas,indumentaria,14255.46,transferencia,FALSE,Entretenimiento
USR_489,Vantage,farmacia,81978.65,tarjeta_debito,TRUE,Salud
USR_219,Puma,combustible,28405.97,efectivo,TRUE,Transporte
USR_181,OSDE,cobertura_medica,43779.49,saldo_billetera,TRUE,Salud
USR_381,Carniceria Los Hermanos,carniceria_y_granja,26826.76,saldo_billetera,TRUE,Alimentacion
USR_237,Centro de Estetica,cuidado_personal,100771.53,tarjeta_debito,FALSE,Entretenimiento
USR_057,Inmobiliaria Sur,alquiler_y_expensas,31572.71,tarjeta_credito,TRUE,Hogar
USR_070,Consorcio Edificio,alquiler_y_expensas,113878.57,efectivo,TRUE,Hogar
USR_264,ARBA,impuestos,66375.5,transferencia,TRUE,Finanzas
USR_272,Telepase,peajes,18231.63,tarjeta_debito,TRUE,Transporte
USR_453,AFIP,impuestos,46428.65,saldo_billetera,TRUE,Finanzas
USR_015,Galeno,cobertura_medica,116042.75,tarjeta_credito,TRUE,Salud
USR_169,Farmacia Dr Ahorro,farmacia,31877.29,efectivo,TRUE,Salud
USR_245,Vivero Las Plantas,mantenimiento_y_muebles,107130.05,tarjeta_credito,FALSE,Hogar
USR_237,OSDE,cobertura_medica,113564.31,tarjeta_debito,TRUE,Salud
USR_081,Polleria,carniceria_y_granja,27603.74,efectivo,TRUE,Alimentacion
USR_326,ARBA,impuestos,113117.15,tarjeta_credito,TRUE,Finanzas
USR_013,PedidosYa,delivery,90950.7,tarjeta_credito,FALSE,Alimentacion
USR_151,Farmacia Dr Ahorro,farmacia,107941.27,efectivo,TRUE,Salud
USR_206,AySA,servicios_basicos,44845.9,tarjeta_credito,TRUE,Hogar
USR_295,Farmacia Dr Ahorro,farmacia,26427.92,efectivo,TRUE,Salud
USR_496,Netflix,suscripciones_digitales,86749.73,efectivo,FALSE,Entretenimiento
USR_030,OSDE,cobertura_medica,50609.58,tarjeta_credito,TRUE,Salud
USR_453,Metrogas,servicios_basicos,115265.33,efectivo,TRUE,Hogar
USR_037,MercadoPago Transferencia,transferencias,82877.4,tarjeta_credito,FALSE,Finanzas
USR_166,Neumaticos,mantenimiento_vehicular,49702.9,transferencia,TRUE,Transporte
USR_456,Chino El Sol,supermercado,76816.32,tarjeta_debito,TRUE,Alimentacion
USR_046,Montagne,hobbies_y_deportes,94670.53,tarjeta_debito,FALSE,Entretenimiento
USR_059,AySA,servicios_basicos,62958.1,efectivo,TRUE,Hogar
USR_417,Rappi,delivery,61240.6,tarjeta_credito,FALSE,Alimentacion
USR_087,Centro de Estetica,cuidado_personal,48283.84,efectivo,FALSE,Entretenimiento
USR_063,Carrefour,supermercado,18869.31,efectivo,TRUE,Alimentacion
USR_217,OSDE,cobertura_medica,34447.56,tarjeta_debito,TRUE,Salud
USR_494,Adidas,indumentaria,119899.36,transferencia,FALSE,Entretenimiento
USR_416,Spotify,suscripciones_digitales,112913.35,tarjeta_debito,FALSE,Entretenimiento
USR_073,Levis,indumentaria,54100.16,tarjeta_credito,FALSE,Entretenimiento
USR_376,ARBA,impuestos,87341.53,tarjeta_debito,TRUE,Finanzas
USR_130,Jumbo,supermercado,57522.03,saldo_billetera,TRUE,Alimentacion
USR_010,Metrogas,servicios_basicos,44848.07,tarjeta_debito,TRUE,Hogar
USR_271,Ferreteria El Clavo,mantenimiento_y_muebles,36618.11,saldo_billetera,FALSE,Hogar
USR_095,Levis,indumentaria,87988.23,tarjeta_credito,FALSE,Entretenimiento
USR_334,Vivero Las Plantas,mantenimiento_y_muebles,34893.74,efectivo,FALSE,Hogar
USR_019,Telepase,peajes,14334.64,tarjeta_credito,TRUE,Transporte
USR_407,Movistar,servicios_basicos,117526.81,tarjeta_debito,TRUE,Hogar
USR_367,Personal Flow,servicios_basicos,39485.1,efectivo,TRUE,Hogar
USR_095,Amex,pago_tarjetas,7624.74,tarjeta_credito,TRUE,Finanzas
USR_356,Centro Medico,atencion_medica,37549.35,transferencia,TRUE,Salud
USR_121,Uber,taxi_y_apps,15719.41,efectivo,FALSE,Transporte
USR_291,Farmacity,farmacia,119267.14,saldo_billetera,TRUE,Salud
USR_023,Farmacia Dr Ahorro,farmacia,111058.18,transferencia,TRUE,Salud
USR_106,AUSA Peajes,peajes,11561.18,transferencia,TRUE,Transporte
USR_199,Granja San Jose,carniceria_y_granja,6590.35,transferencia,TRUE,Alimentacion
USR_359,Cabify,taxi_y_apps,101394.09,tarjeta_debito,FALSE,Transporte
USR_300,OSDE,cobertura_medica,119454.28,tarjeta_debito,TRUE,Salud
USR_227,Sodimac,mantenimiento_y_muebles,50831.02,transferencia,FALSE,Hogar
USR_124,AGIP,impuestos,69689.52,efectivo,TRUE,Finanzas
USR_114,Shell,combustible,29185.99,transferencia,TRUE,Transporte
USR_077,Axion,combustible,59708.44,efectivo,TRUE,Transporte
USR_406,Personal Flow,servicios_basicos,101408.63,tarjeta_credito,TRUE,Hogar
USR_402,Centro Medico,atencion_medica,83192.52,tarjeta_debito,TRUE,Salud
USR_129,MercadoPago Transferencia,transferencias,22522.88,saldo_billetera,FALSE,Finanzas
USR_078,Consorcio Edificio,alquiler_y_expensas,97318.52,tarjeta_credito,TRUE,Hogar
USR_061,Lubricentro,mantenimiento_vehicular,35728.47,efectivo,TRUE,Transporte
USR_321,Canchas de Futbol,hobbies_y_deportes,18638.94,saldo_billetera,FALSE,Entretenimiento
USR_177,OSDE,cobertura_medica,107181.53,saldo_billetera,TRUE,Salud
USR_201,Inmobiliaria Sur,alquiler_y_expensas,93045.13,transferencia,TRUE,Hogar
USR_193,Personal Flow,servicios_basicos,26940.87,tarjeta_credito,TRUE,Hogar
USR_246,Swiss Medical,cobertura_medica,97575.6,saldo_billetera,TRUE,Salud
USR_350,Inmobiliaria Sur,alquiler_y_expensas,69804.55,saldo_billetera,TRUE,Hogar
USR_393,Movistar,servicios_basicos,87214.86,transferencia,TRUE,Hogar
USR_272,Burger King,restaurante,64997,tarjeta_credito,FALSE,Alimentacion
USR_067,Autopistas del Sol,peajes,10850.29,tarjeta_debito,TRUE,Transporte
USR_312,Steam Games,hobbies_y_deportes,115555.08,saldo_billetera,FALSE,Entretenimiento
USR_304,ARBA,impuestos,50676.52,saldo_billetera,TRUE,Finanzas
USR_007,AGIP,impuestos,22705.37,transferencia,TRUE,Finanzas
USR_076,Taller Mecanico,mantenimiento_vehicular,70500.01,saldo_billetera,TRUE,Transporte
USR_313,Polleria,carniceria_y_granja,29641.93,tarjeta_debito,TRUE,Alimentacion
USR_409,Edenor,servicios_basicos,57693.18,tarjeta_debito,TRUE,Hogar
USR_350,Consorcio Edificio,alquiler_y_expensas,42331.92,transferencia,TRUE,Hogar
USR_149,Envio de dinero,transferencias,62964,transferencia,FALSE,Finanzas
USR_071,ARBA,impuestos,97131.79,transferencia,TRUE,Finanzas
USR_210,Centro de Estetica,cuidado_personal,92880.91,tarjeta_debito,FALSE,Entretenimiento
USR_475,Hospital Italiano,atencion_medica,61092.31,efectivo,TRUE,Salud
USR_352,Steam Games,hobbies_y_deportes,47986.5,saldo_billetera,FALSE,Entretenimiento
USR_113,Rappi,delivery,8682.04,transferencia,FALSE,Alimentacion
USR_165,Farmacity,farmacia,100483.52,tarjeta_debito,TRUE,Salud
USR_167,Farmacia Dr Ahorro,farmacia,1149.85,tarjeta_debito,TRUE,Salud
USR_454,Amazon Prime,suscripciones_digitales,90786,tarjeta_debito,FALSE,Entretenimiento
USR_073,Nike,indumentaria,63863.31,saldo_billetera,FALSE,Entretenimiento
USR_409,Taller Mecanico,mantenimiento_vehicular,59102.6,tarjeta_credito,TRUE,Transporte
USR_454,Granja San Jose,carniceria_y_granja,58671.36,saldo_billetera,TRUE,Alimentacion
USR_325,Antares,restaurante,84764.9,tarjeta_credito,FALSE,Alimentacion
USR_446,ARBA,impuestos,72704.15,saldo_billetera,TRUE,Finanzas
USR_264,Amex,pago_tarjetas,3996.7,efectivo,TRUE,Finanzas
USR_379,Consorcio Edificio,alquiler_y_expensas,103237.91,tarjeta_debito,TRUE,Hogar
USR_160,Polleria,carniceria_y_granja,82225.97,tarjeta_credito,TRUE,Alimentacion
USR_211,Ferreteria El Clavo,mantenimiento_y_muebles,2745.38,efectivo,FALSE,Hogar
USR_435,Transferencia a Juan,transferencias,80404.27,efectivo,FALSE,Finanzas
USR_212,Galeno,cobertura_medica,18758.4,saldo_billetera,TRUE,Salud
USR_445,Carga SUBE,transporte_publico,90360.35,transferencia,TRUE,Transporte
USR_247,Didi,taxi_y_apps,117298.25,transferencia,FALSE,Transporte
USR_429,Shell,combustible,90069.28,transferencia,TRUE,Transporte
USR_110,Barberia,cuidado_personal,35286.27,transferencia,FALSE,Entretenimiento
USR_087,Steam Games,hobbies_y_deportes,20310.49,tarjeta_credito,FALSE,Entretenimiento
USR_450,Didi,taxi_y_apps,94194.67,saldo_billetera,FALSE,Transporte
USR_133,Cabify,taxi_y_apps,49875.89,tarjeta_credito,FALSE,Transporte
USR_098,Burger King,restaurante,3404.58,tarjeta_credito,FALSE,Alimentacion
USR_417,Consorcio Edificio,alquiler_y_expensas,48782.66,efectivo,TRUE,Hogar
USR_394,Administracion Lopez,alquiler_y_expensas,93650.59,transferencia,TRUE,Hogar
USR_059,Peluqueria Estilos,cuidado_personal,85174.6,efectivo,FALSE,Entretenimiento
USR_299,AUSA Peajes,peajes,2245.74,saldo_billetera,TRUE,Transporte
USR_080,Metrogas,servicios_basicos,111063.25,efectivo,TRUE,Hogar
USR_474,Carniceria Los Hermanos,carniceria_y_granja,2976.37,efectivo,TRUE,Alimentacion
USR_043,OSDE,cobertura_medica,67505.17,tarjeta_debito,TRUE,Salud
USR_048,Centro de Estetica,cuidado_personal,85843.7,tarjeta_credito,FALSE,Entretenimiento
USR_176,Swiss Medical,cobertura_medica,41658.29,transferencia,TRUE,Salud
USR_064,Sodimac,mantenimiento_y_muebles,12155.59,transferencia,FALSE,Hogar
USR_342,ARBA,impuestos,95593.45,saldo_billetera,TRUE,Finanzas
USR_225,PedidosYa,delivery,21558.65,transferencia,FALSE,Alimentacion
USR_174,AGIP,impuestos,90935.44,saldo_billetera,TRUE,Finanzas
USR_353,Transferencia a Juan,transferencias,89349.81,saldo_billetera,FALSE,Finanzas
USR_414,Spotify,suscripciones_digitales,95057.42,tarjeta_debito,FALSE,Entretenimiento
USR_409,Spotify,suscripciones_digitales,50961.75,efectivo,FALSE,Entretenimiento
USR_363,ARBA,impuestos,5473.89,efectivo,TRUE,Finanzas
USR_406,Farmacity,farmacia,62899.59,saldo_billetera,TRUE,Salud
USR_059,Montagne,hobbies_y_deportes,119445.53,saldo_billetera,FALSE,Entretenimiento
USR_412,Laboratorio,atencion_medica,41940.9,tarjeta_credito,TRUE,Salud
USR_073,Administracion Lopez,alquiler_y_expensas,35706.54,tarjeta_credito,TRUE,Hogar
USR_347,Spotify,suscripciones_digitales,20203.37,transferencia,FALSE,Entretenimiento
USR_390,Sodimac,mantenimiento_y_muebles,93949.65,tarjeta_credito,FALSE,Hogar
USR_029,PedidosYa,delivery,29877.58,efectivo,FALSE,Alimentacion
USR_256,Vivero Las Plantas,mantenimiento_y_muebles,45046.33,tarjeta_credito,FALSE,Hogar
USR_446,Levis,indumentaria,93810.47,tarjeta_debito,FALSE,Entretenimiento
USR_221,Cabify,taxi_y_apps,35171.87,saldo_billetera,FALSE,Transporte
USR_300,Rappi,delivery,29618.43,tarjeta_debito,FALSE,Alimentacion
USR_391,Netflix,suscripciones_digitales,90536.43,transferencia,FALSE,Entretenimiento
USR_495,ARBA,impuestos,47771.62,tarjeta_debito,TRUE,Finanzas
USR_319,Centro Medico,atencion_medica,49195.76,tarjeta_credito,TRUE,Salud
USR_251,Taxi Premium,taxi_y_apps,21248.3,efectivo,FALSE,Transporte
USR_370,Autopistas del Sol,peajes,10969.62,tarjeta_credito,TRUE,Transporte
USR_059,Pizzeria La Continental,restaurante,14067.29,tarjeta_debito,FALSE,Alimentacion
USR_075,MercadoPago Transferencia,transferencias,107230.02,tarjeta_debito,FALSE,Finanzas
USR_122,AGIP,impuestos,92644.73,efectivo,TRUE,Finanzas
USR_112,Easy,mantenimiento_y_muebles,46285.9,efectivo,FALSE,Hogar
USR_210,Amex,pago_tarjetas,115669.76,tarjeta_debito,TRUE,Finanzas
USR_027,Metrovias,transporte_publico,88736.3,efectivo,TRUE,Transporte
USR_329,Peluqueria Estilos,cuidado_personal,89951.61,tarjeta_debito,FALSE,Entretenimiento
USR_309,Envio de dinero,transferencias,95451.08,transferencia,FALSE,Finanzas
USR_482,OSDE,cobertura_medica,52340.05,saldo_billetera,TRUE,Salud
USR_025,Sodimac,mantenimiento_y_muebles,35175.65,tarjeta_debito,FALSE,Hogar
USR_400,Dia%,supermercado,43927.99,saldo_billetera,TRUE,Alimentacion
USR_382,AFIP,impuestos,25714.41,transferencia,TRUE,Finanzas
USR_231,Centro Medico,atencion_medica,22526.6,tarjeta_credito,TRUE,Salud
USR_438,AGIP,impuestos,7518.45,tarjeta_debito,TRUE,Finanzas
USR_399,Spotify,suscripciones_digitales,10916.37,transferencia,FALSE,Entretenimiento
USR_363,Vantage,farmacia,101971.06,tarjeta_debito,TRUE,Salud
USR_460,Vivero Las Plantas,mantenimiento_y_muebles,109793.98,saldo_billetera,FALSE,Hogar
USR_125,Consorcio Edificio,alquiler_y_expensas,56268.4,saldo_billetera,TRUE,Hogar
USR_431,Transferencia a Juan,transferencias,10015.72,efectivo,FALSE,Finanzas
USR_464,Taller Mecanico,mantenimiento_vehicular,17653.39,efectivo,TRUE,Transporte
USR_444,Consorcio Edificio,alquiler_y_expensas,31696.38,tarjeta_debito,TRUE,Hogar
USR_189,Nike,indumentaria,24493.69,saldo_billetera,FALSE,Entretenimiento
USR_187,Didi,taxi_y_apps,118062.37,efectivo,FALSE,Transporte
USR_349,AFIP,impuestos,99382.11,tarjeta_credito,TRUE,Finanzas
USR_047,Edenor,servicios_basicos,57970.66,transferencia,TRUE,Hogar
USR_023,Farmacia Dr Ahorro,farmacia,116196.78,tarjeta_debito,TRUE,Salud
USR_312,MercadoPago Transferencia,transferencias,51217.83,tarjeta_debito,FALSE,Finanzas
USR_033,Montagne,hobbies_y_deportes,71363.22,tarjeta_debito,FALSE,Entretenimiento
USR_196,Telepase,peajes,85395.53,tarjeta_debito,TRUE,Transporte
USR_148,Telepase,peajes,56108.32,efectivo,TRUE,Transporte
USR_069,Laboratorio,atencion_medica,14326.4,saldo_billetera,TRUE,Salud
USR_128,Uber,taxi_y_apps,71200.94,tarjeta_credito,FALSE,Transporte
USR_108,Amazon Prime,suscripciones_digitales,81918.58,transferencia,FALSE,Entretenimiento
USR_195,Amex,pago_tarjetas,108466,tarjeta_debito,TRUE,Finanzas
USR_093,Consorcio Edificio,alquiler_y_expensas,42903.56,saldo_billetera,TRUE,Hogar
USR_231,Swiss Medical,cobertura_medica,90917.34,efectivo,TRUE,Salud
USR_475,Carrefour,supermercado,37474.91,tarjeta_debito,TRUE,Alimentacion
USR_380,Centro de Estetica,cuidado_personal,51605.3,efectivo,FALSE,Entretenimiento
USR_282,Farmacity,farmacia,86879.96,tarjeta_debito,TRUE,Salud
USR_194,Neumaticos,mantenimiento_vehicular,106617.24,transferencia,TRUE,Transporte
USR_012,Granja San Jose,carniceria_y_granja,76573.69,tarjeta_debito,TRUE,Alimentacion
USR_497,Lubricentro,mantenimiento_vehicular,114800.44,transferencia,TRUE,Transporte
USR_001,Administracion Lopez,alquiler_y_expensas,34207.39,tarjeta_credito,TRUE,Hogar
USR_033,Ferreteria El Clavo,mantenimiento_y_muebles,47687.53,tarjeta_debito,FALSE,Hogar
USR_393,Mastercard,pago_tarjetas,13394.46,tarjeta_debito,TRUE,Finanzas
USR_072,Edenor,servicios_basicos,26684.36,saldo_billetera,TRUE,Hogar
USR_399,Adidas,indumentaria,4058.92,saldo_billetera,FALSE,Entretenimiento
USR_086,Spotify,suscripciones_digitales,16081.09,efectivo,FALSE,Entretenimiento
USR_099,Visa Pago Tarjeta,pago_tarjetas,60448.64,saldo_billetera,TRUE,Finanzas
USR_216,Envio de dinero,transferencias,32456.86,tarjeta_debito,FALSE,Finanzas
USR_011,YPF,combustible,17709.07,tarjeta_credito,TRUE,Transporte
USR_395,Antares,restaurante,27089.29,tarjeta_debito,FALSE,Alimentacion
USR_154,Pizzeria La Continental,restaurante,19191.29,tarjeta_debito,FALSE,Alimentacion
USR_323,Rappi,delivery,42223.81,tarjeta_credito,FALSE,Alimentacion
USR_237,Inmobiliaria Sur,alquiler_y_expensas,56385.42,tarjeta_credito,TRUE,Hogar
USR_313,Dia%,supermercado,89384.21,efectivo,TRUE,Alimentacion
USR_457,YPF,combustible,8064.79,efectivo,TRUE,Transporte
USR_080,Swiss Medical,cobertura_medica,3232.93,tarjeta_credito,TRUE,Salud
USR_447,Taller Mecanico,mantenimiento_vehicular,8481.84,tarjeta_debito,TRUE,Transporte
USR_451,Telepase,peajes,63858.94,saldo_billetera,TRUE,Transporte
USR_417,Peluqueria Estilos,cuidado_personal,51669.83,transferencia,FALSE,Entretenimiento
USR_137,Mastercard,pago_tarjetas,36643.88,tarjeta_credito,TRUE,Finanzas
USR_277,AGIP,impuestos,102051.44,efectivo,TRUE,Finanzas
USR_209,Chino El Sol,supermercado,68280.47,tarjeta_credito,TRUE,Alimentacion
USR_081,Granja San Jose,carniceria_y_granja,101804.71,tarjeta_credito,TRUE,Alimentacion
USR_309,AGIP,impuestos,21825.07,efectivo,TRUE,Finanzas
USR_215,Hospital Italiano,atencion_medica,50397.14,tarjeta_debito,TRUE,Salud
USR_327,Carga SUBE,transporte_publico,119683.19,tarjeta_credito,TRUE,Transporte
USR_107,Transferencia a Juan,transferencias,30041.52,saldo_billetera,FALSE,Finanzas
USR_209,Amex,pago_tarjetas,7408.83,transferencia,TRUE,Finanzas
USR_220,PedidosYa,delivery,38889.82,tarjeta_credito,FALSE,Alimentacion
USR_232,Vantage,farmacia,55981.55,saldo_billetera,TRUE,Salud
USR_094,Centro Medico,atencion_medica,94806.26,tarjeta_credito,TRUE,Salud
USR_037,Lubricentro,mantenimiento_vehicular,56090.43,saldo_billetera,TRUE,Transporte
USR_171,Farmacity,farmacia,100467.7,transferencia,TRUE,Salud
USR_386,Consorcio Edificio,alquiler_y_expensas,59468.88,tarjeta_debito,TRUE,Hogar
USR_378,Vivero Las Plantas,mantenimiento_y_muebles,21021.24,tarjeta_credito,FALSE,Hogar
USR_232,Amex,pago_tarjetas,91631.33,transferencia,TRUE,Finanzas
USR_444,Trenes Argentinos,transporte_publico,72956.43,efectivo,TRUE,Transporte
USR_458,Visa Pago Tarjeta,pago_tarjetas,81147.33,tarjeta_debito,TRUE,Finanzas
USR_155,Envio de dinero,transferencias,65084.1,tarjeta_credito,FALSE,Finanzas
USR_359,Zara,indumentaria,81855.88,efectivo,FALSE,Entretenimiento
USR_392,Laboratorio,atencion_medica,110231.83,efectivo,TRUE,Salud
USR_230,Autopistas del Sol,peajes,86744.69,efectivo,TRUE,Transporte
USR_109,Farmacity,farmacia,31818.18,saldo_billetera,TRUE,Salud
USR_451,OSDE,cobertura_medica,22775.75,efectivo,TRUE,Salud
USR_026,Jumbo,supermercado,38844.76,saldo_billetera,TRUE,Alimentacion
USR_419,Easy,mantenimiento_y_muebles,83233,efectivo,FALSE,Hogar
USR_020,Movistar,servicios_basicos,62683.75,tarjeta_credito,TRUE,Hogar
USR_492,Burger King,restaurante,90730.35,tarjeta_debito,FALSE,Alimentacion
USR_060,AUSA Peajes,peajes,7678.14,tarjeta_debito,TRUE,Transporte
USR_065,Montagne,hobbies_y_deportes,97672.22,efectivo,FALSE,Entretenimiento
USR_408,Polleria,carniceria_y_granja,117476.17,tarjeta_debito,TRUE,Alimentacion
USR_040,Dia%,supermercado,58307.06,tarjeta_credito,TRUE,Alimentacion
USR_450,Mastercard,pago_tarjetas,29954.11,efectivo,TRUE,Finanzas
USR_242,Adidas,indumentaria,1630.37,efectivo,FALSE,Entretenimiento
USR_064,Carga SUBE,transporte_publico,67611.5,efectivo,TRUE,Transporte
USR_135,Barberia,cuidado_personal,32719.77,tarjeta_credito,FALSE,Entretenimiento
USR_447,Galeno,cobertura_medica,119740.2,tarjeta_credito,TRUE,Salud
USR_500,Swiss Medical,cobertura_medica,118310.42,transferencia,TRUE,Salud
USR_151,Consorcio Edificio,alquiler_y_expensas,8865.7,efectivo,TRUE,Hogar
USR_390,Amazon Prime,suscripciones_digitales,59765.52,saldo_billetera,FALSE,Entretenimiento
USR_460,Chino El Sol,supermercado,61372.52,efectivo,TRUE,Alimentacion
USR_227,Chino El Sol,supermercado,97086.86,tarjeta_credito,TRUE,Alimentacion
USR_075,Levis,indumentaria,78133.54,tarjeta_credito,FALSE,Entretenimiento
USR_356,Vantage,farmacia,39589.71,tarjeta_debito,TRUE,Salud
USR_287,Ferreteria El Clavo,mantenimiento_y_muebles,115705.62,efectivo,FALSE,Hogar
USR_133,MercadoPago Transferencia,transferencias,35136.63,saldo_billetera,FALSE,Finanzas
USR_499,Polleria,carniceria_y_granja,54303.59,transferencia,TRUE,Alimentacion
USR_383,Carniceria Los Hermanos,carniceria_y_granja,76408.81,tarjeta_debito,TRUE,Alimentacion
USR_276,Cafe Martinez,restaurante,92304.04,efectivo,FALSE,Alimentacion
USR_298,Farmacity,farmacia,107727.8,transferencia,TRUE,Salud
USR_103,AySA,servicios_basicos,45892.57,saldo_billetera,TRUE,Hogar
USR_080,Barberia,cuidado_personal,101359.61,transferencia,FALSE,Entretenimiento
USR_165,Easy,mantenimiento_y_muebles,643.72,efectivo,FALSE,Hogar
USR_247,Polleria,carniceria_y_granja,99930.97,tarjeta_debito,TRUE,Alimentacion
USR_224,Carga SUBE,transporte_publico,52816.18,tarjeta_debito,TRUE,Transporte
USR_063,Netflix,suscripciones_digitales,109933.19,transferencia,FALSE,Entretenimiento
USR_313,Administracion Lopez,alquiler_y_expensas,81532.23,tarjeta_credito,TRUE,Hogar
USR_362,Farmacity,farmacia,68107.02,transferencia,TRUE,Salud
USR_378,Adidas,indumentaria,3694.94,saldo_billetera,FALSE,Entretenimiento
USR_387,Mastercard,pago_tarjetas,77120.29,efectivo,TRUE,Finanzas
USR_239,Shell,combustible,32644.18,tarjeta_debito,TRUE,Transporte
USR_403,Galeno,cobertura_medica,77312.81,tarjeta_credito,TRUE,Salud
USR_019,Lubricentro,mantenimiento_vehicular,58693.37,tarjeta_debito,TRUE,Transporte
USR_150,Centro Medico,atencion_medica,77131.15,tarjeta_credito,TRUE,Salud
USR_197,HBO Max,suscripciones_digitales,9718.48,transferencia,FALSE,Entretenimiento
USR_163,Taller Mecanico,mantenimiento_vehicular,78038.83,efectivo,TRUE,Transporte
USR_335,Rappi,delivery,82168.3,tarjeta_credito,FALSE,Alimentacion
USR_219,Coto,supermercado,51557.81,tarjeta_credito,TRUE,Alimentacion
USR_322,Ferreteria El Clavo,mantenimiento_y_muebles,16789.93,saldo_billetera,FALSE,Hogar
USR_315,Sodimac,mantenimiento_y_muebles,68860.85,transferencia,FALSE,Hogar
USR_105,Montagne,hobbies_y_deportes,58585.38,saldo_billetera,FALSE,Entretenimiento
USR_366,Amazon Prime,suscripciones_digitales,35021.44,saldo_billetera,FALSE,Entretenimiento
USR_046,Barberia,cuidado_personal,89579.86,efectivo,FALSE,Entretenimiento
USR_137,Coto,supermercado,8213.32,tarjeta_debito,TRUE,Alimentacion
USR_372,Shell,combustible,114727.88,saldo_billetera,TRUE,Transporte
USR_402,AGIP,impuestos,57263.74,tarjeta_credito,TRUE,Finanzas
USR_428,Inmobiliaria Sur,alquiler_y_expensas,100359.57,transferencia,TRUE,Hogar
USR_313,Granja San Jose,carniceria_y_granja,60288.15,saldo_billetera,TRUE,Alimentacion
USR_161,Polleria,carniceria_y_granja,74793.36,tarjeta_credito,TRUE,Alimentacion
USR_377,Vantage,farmacia,93124.34,tarjeta_debito,TRUE,Salud
USR_161,Taxi Premium,taxi_y_apps,98215.49,efectivo,FALSE,Transporte
USR_036,Montagne,hobbies_y_deportes,60243.38,tarjeta_debito,FALSE,Entretenimiento
USR_412,Mastercard,pago_tarjetas,14289.99,tarjeta_credito,TRUE,Finanzas
USR_012,AUSA Peajes,peajes,98270.22,saldo_billetera,TRUE,Transporte
USR_070,MercadoPago Transferencia,transferencias,39002.36,tarjeta_debito,FALSE,Finanzas
USR_283,Polleria,carniceria_y_granja,67014.36,tarjeta_debito,TRUE,Alimentacion
USR_081,Transferencia a Juan,transferencias,51865.55,transferencia,FALSE,Finanzas
USR_067,Montagne,hobbies_y_deportes,71944.47,transferencia,FALSE,Entretenimiento
USR_308,MercadoPago Transferencia,transferencias,39435.77,transferencia,FALSE,Finanzas
USR_499,Adidas,indumentaria,49203.89,saldo_billetera,FALSE,Entretenimiento
USR_205,Farmacity,farmacia,79832.42,efectivo,TRUE,Salud
USR_027,Mastercard,pago_tarjetas,81595.62,saldo_billetera,TRUE,Finanzas
USR_192,Levis,indumentaria,13366.83,tarjeta_credito,FALSE,Entretenimiento
USR_416,Sodimac,mantenimiento_y_muebles,55525.38,transferencia,FALSE,Hogar
USR_416,Canchas de Futbol,hobbies_y_deportes,91191.23,transferencia,FALSE,Entretenimiento
USR_478,Centro de Estetica,cuidado_personal,117697.06,transferencia,FALSE,Entretenimiento
USR_250,Canchas de Futbol,hobbies_y_deportes,111452.04,tarjeta_credito,FALSE,Entretenimiento
USR_203,Swiss Medical,cobertura_medica,113846.56,tarjeta_debito,TRUE,Salud
USR_230,Telepase,peajes,97823.13,transferencia,TRUE,Transporte
USR_378,Laboratorio,atencion_medica,46428.56,transferencia,TRUE,Salud
USR_163,AFIP,impuestos,113959.92,tarjeta_debito,TRUE,Finanzas
USR_226,Farmacity,farmacia,77395.69,saldo_billetera,TRUE,Salud
USR_367,Autopistas del Sol,peajes,54051.62,efectivo,TRUE,Transporte
USR_196,Amazon Prime,suscripciones_digitales,71505.43,efectivo,FALSE,Entretenimiento
USR_439,Laboratorio,atencion_medica,109276.77,tarjeta_credito,TRUE,Salud
USR_345,Hospital Italiano,atencion_medica,23185.48,efectivo,TRUE,Salud
USR_491,Sodimac,mantenimiento_y_muebles,81800.32,efectivo,FALSE,Hogar
USR_085,ARBA,impuestos,3251.23,transferencia,TRUE,Finanzas
USR_412,Neumaticos,mantenimiento_vehicular,46479.54,saldo_billetera,TRUE,Transporte
USR_203,Sodimac,mantenimiento_y_muebles,75660.76,tarjeta_credito,FALSE,Hogar
USR_154,Carrefour,supermercado,33802.6,saldo_billetera,TRUE,Alimentacion
USR_402,AUSA Peajes,peajes,106790.81,saldo_billetera,TRUE,Transporte
USR_332,Jumbo,supermercado,27381.78,efectivo,TRUE,Alimentacion
USR_194,OSDE,cobertura_medica,27778.26,efectivo,TRUE,Salud
USR_254,AFIP,impuestos,110365.46,transferencia,TRUE,Finanzas
USR_399,Rappi,delivery,5354.08,tarjeta_debito,FALSE,Alimentacion
USR_096,Polleria,carniceria_y_granja,94266.15,transferencia,TRUE,Alimentacion
USR_119,OSDE,cobertura_medica,116125.17,tarjeta_debito,TRUE,Salud
USR_090,Hospital Italiano,atencion_medica,56165.18,efectivo,TRUE,Salud
USR_496,PedidosYa,delivery,76699.83,transferencia,FALSE,Alimentacion
USR_273,Steam Games,hobbies_y_deportes,83582.38,transferencia,FALSE,Entretenimiento
USR_261,Pizzeria La Continental,restaurante,69398.05,efectivo,FALSE,Alimentacion
USR_050,Adidas,indumentaria,79444,transferencia,FALSE,Entretenimiento
USR_095,Galeno,cobertura_medica,5496.14,transferencia,TRUE,Salud
USR_384,Nike,indumentaria,27530.36,tarjeta_debito,FALSE,Entretenimiento
USR_102,Uber,taxi_y_apps,36872.69,transferencia,FALSE,Transporte
USR_142,Trenes Argentinos,transporte_publico,94046.7,efectivo,TRUE,Transporte
USR_150,Barberia,cuidado_personal,106930.77,tarjeta_debito,FALSE,Entretenimiento
USR_300,Carniceria Los Hermanos,carniceria_y_granja,70282.41,tarjeta_debito,TRUE,Alimentacion
USR_222,AGIP,impuestos,119867.72,efectivo,TRUE,Finanzas
USR_335,OSDE,cobertura_medica,102024.96,efectivo,TRUE,Salud
USR_495,Inmobiliaria Sur,alquiler_y_expensas,53001.45,tarjeta_debito,TRUE,Hogar
USR_409,Swiss Medical,cobertura_medica,92181.14,saldo_billetera,TRUE,Salud
USR_370,AySA,servicios_basicos,49214.39,efectivo,TRUE,Hogar
USR_108,Peluqueria Estilos,cuidado_personal,15963.31,transferencia,FALSE,Entretenimiento
USR_300,Farmacia Dr Ahorro,farmacia,50913.97,efectivo,TRUE,Salud
USR_032,Carga SUBE,transporte_publico,63823.63,tarjeta_credito,TRUE,Transporte
USR_058,OSDE,cobertura_medica,108979.13,tarjeta_debito,TRUE,Salud
USR_381,Didi,taxi_y_apps,87985.69,tarjeta_debito,FALSE,Transporte
USR_240,Amazon Prime,suscripciones_digitales,65472.98,tarjeta_credito,FALSE,Entretenimiento
USR_322,Levis,indumentaria,74842.09,transferencia,FALSE,Entretenimiento
USR_017,Movistar,servicios_basicos,107391.62,transferencia,TRUE,Hogar
USR_497,Polleria,carniceria_y_granja,93849.05,efectivo,TRUE,Alimentacion
USR_076,Inmobiliaria Sur,alquiler_y_expensas,28463.93,tarjeta_credito,TRUE,Hogar
USR_419,Jumbo,supermercado,95844.82,saldo_billetera,TRUE,Alimentacion
USR_453,Swiss Medical,cobertura_medica,93577.95,tarjeta_credito,TRUE,Salud
USR_440,AFIP,impuestos,94852.27,saldo_billetera,TRUE,Finanzas
USR_068,Polleria,carniceria_y_granja,96233.21,efectivo,TRUE,Alimentacion
USR_467,Galeno,cobertura_medica,105857.29,saldo_billetera,TRUE,Salud
USR_044,Carga SUBE,transporte_publico,23772.52,tarjeta_credito,TRUE,Transporte
USR_266,Steam Games,hobbies_y_deportes,68940.55,tarjeta_debito,FALSE,Entretenimiento
USR_458,Steam Games,hobbies_y_deportes,4006.75,transferencia,FALSE,Entretenimiento
USR_304,Peluqueria Estilos,cuidado_personal,59987.57,transferencia,FALSE,Entretenimiento
USR_333,Sodimac,mantenimiento_y_muebles,75875.32,saldo_billetera,FALSE,Hogar
USR_180,Consorcio Edificio,alquiler_y_expensas,111555.39,tarjeta_debito,TRUE,Hogar
USR_061,Zara,indumentaria,57544,saldo_billetera,FALSE,Entretenimiento
USR_172,Spotify,suscripciones_digitales,32930.54,tarjeta_debito,FALSE,Entretenimiento
USR_135,Mastercard,pago_tarjetas,108074.42,saldo_billetera,TRUE,Finanzas
USR_339,Laboratorio,atencion_medica,17813.45,tarjeta_credito,TRUE,Salud
USR_414,Administracion Lopez,alquiler_y_expensas,58413.55,tarjeta_debito,TRUE,Hogar
USR_234,Metrovias,transporte_publico,52472.59,saldo_billetera,TRUE,Transporte
USR_153,PedidosYa,delivery,15268.5,transferencia,FALSE,Alimentacion
USR_483,Coto,supermercado,68081.44,tarjeta_debito,TRUE,Alimentacion
USR_026,Metrovias,transporte_publico,117358.03,tarjeta_credito,TRUE,Transporte
USR_290,Didi,taxi_y_apps,111373.46,efectivo,FALSE,Transporte
USR_029,Movistar,servicios_basicos,96745.92,transferencia,TRUE,Hogar
USR_358,AFIP,impuestos,48233.34,efectivo,TRUE,Finanzas
USR_477,OSDE,cobertura_medica,21023.6,efectivo,TRUE,Salud
USR_055,Metrogas,servicios_basicos,109398.88,tarjeta_debito,TRUE,Hogar
USR_057,Taller Mecanico,mantenimiento_vehicular,24827.25,transferencia,TRUE,Transporte
USR_287,Didi,taxi_y_apps,79848.12,efectivo,FALSE,Transporte
USR_477,Carga SUBE,transporte_publico,60046.31,tarjeta_credito,TRUE,Transporte
USR_376,Farmacity,farmacia,23869.14,efectivo,TRUE,Salud
USR_125,Barberia,cuidado_personal,43484.83,saldo_billetera,FALSE,Entretenimiento
USR_368,Barberia,cuidado_personal,8161.16,efectivo,FALSE,Entretenimiento
USR_303,Montagne,hobbies_y_deportes,35228.02,saldo_billetera,FALSE,Entretenimiento
USR_200,ARBA,impuestos,86901.04,transferencia,TRUE,Finanzas
USR_436,Hospital Italiano,atencion_medica,3938.18,saldo_billetera,TRUE,Salud
USR_464,Barberia,cuidado_personal,31238.17,efectivo,FALSE,Entretenimiento
USR_251,Easy,mantenimiento_y_muebles,73059.27,tarjeta_debito,FALSE,Hogar
USR_361,Ferreteria El Clavo,mantenimiento_y_muebles,82921.16,efectivo,FALSE,Hogar
USR_375,AGIP,impuestos,99489.52,efectivo,TRUE,Finanzas
USR_462,Centro de Estetica,cuidado_personal,53467.36,tarjeta_debito,FALSE,Entretenimiento
USR_385,Cafe Martinez,restaurante,9690.85,tarjeta_credito,FALSE,Alimentacion
USR_483,Amex,pago_tarjetas,39347.41,tarjeta_credito,TRUE,Finanzas
USR_035,Laboratorio,atencion_medica,98933.12,tarjeta_debito,TRUE,Salud
USR_483,YPF,combustible,91935.47,tarjeta_debito,TRUE,Transporte
USR_254,ARBA,impuestos,117416.88,saldo_billetera,TRUE,Finanzas
USR_265,Ferreteria El Clavo,mantenimiento_y_muebles,11527.51,tarjeta_credito,FALSE,Hogar
USR_258,AySA,servicios_basicos,2493.03,tarjeta_debito,TRUE,Hogar
USR_048,Pizzeria La Continental,restaurante,89358.03,tarjeta_credito,FALSE,Alimentacion
USR_447,Laboratorio,atencion_medica,83613.72,efectivo,TRUE,Salud
USR_463,Chino El Sol,supermercado,91075.64,transferencia,TRUE,Alimentacion
USR_496,Taller Mecanico,mantenimiento_vehicular,1280.95,transferencia,TRUE,Transporte
USR_270,Visa Pago Tarjeta,pago_tarjetas,36377.88,tarjeta_debito,TRUE,Finanzas
USR_182,Visa Pago Tarjeta,pago_tarjetas,106914.4,saldo_billetera,TRUE,Finanzas
USR_404,Amex,pago_tarjetas,8476.04,tarjeta_debito,TRUE,Finanzas
USR_164,Envio de dinero,transferencias,119142.95,saldo_billetera,FALSE,Finanzas
USR_383,Trenes Argentinos,transporte_publico,19466.08,transferencia,TRUE,Transporte
USR_343,Centro Medico,atencion_medica,53363.86,efectivo,TRUE,Salud
USR_354,Metrogas,servicios_basicos,3868.71,saldo_billetera,TRUE,Hogar
USR_234,Centro de Estetica,cuidado_personal,70942.57,tarjeta_credito,FALSE,Entretenimiento
USR_483,Steam Games,hobbies_y_deportes,87394.33,efectivo,FALSE,Entretenimiento
USR_455,Metrovias,transporte_publico,111517.28,transferencia,TRUE,Transporte
USR_462,Rappi,delivery,116167.21,tarjeta_credito,FALSE,Alimentacion
USR_360,AGIP,impuestos,86041.17,saldo_billetera,TRUE,Finanzas
USR_488,Telepase,peajes,113357.06,tarjeta_debito,TRUE,Transporte
USR_156,Chino El Sol,supermercado,64917.47,tarjeta_debito,TRUE,Alimentacion
USR_104,Transferencia a Juan,transferencias,22150.12,efectivo,FALSE,Finanzas
USR_239,Rappi,delivery,78220.37,transferencia,FALSE,Alimentacion
USR_312,Neumaticos,mantenimiento_vehicular,85876.51,transferencia,TRUE,Transporte
USR_235,Polleria,carniceria_y_granja,21143.14,tarjeta_debito,TRUE,Alimentacion
USR_248,Administracion Lopez,alquiler_y_expensas,59694.38,efectivo,TRUE,Hogar
USR_214,Zara,indumentaria,99583.51,tarjeta_credito,FALSE,Entretenimiento
USR_205,Uber,taxi_y_apps,518.25,tarjeta_debito,FALSE,Transporte
USR_010,MercadoPago Transferencia,transferencias,101884.7,saldo_billetera,FALSE,Finanzas
USR_203,Neumaticos,mantenimiento_vehicular,112587.33,tarjeta_debito,TRUE,Transporte
USR_474,Cabify,taxi_y_apps,5645.53,transferencia,FALSE,Transporte
USR_356,Edenor,servicios_basicos,98021.29,saldo_billetera,TRUE,Hogar
USR_371,Laboratorio,atencion_medica,12363.16,transferencia,TRUE,Salud
USR_278,Inmobiliaria Sur,alquiler_y_expensas,40037.85,tarjeta_credito,TRUE,Hogar
USR_204,Polleria,carniceria_y_granja,115484.29,tarjeta_credito,TRUE,Alimentacion
USR_179,AUSA Peajes,peajes,2228.8,tarjeta_debito,TRUE,Transporte
USR_288,Envio de dinero,transferencias,43407.29,transferencia,FALSE,Finanzas
USR_321,ARBA,impuestos,15598.58,transferencia,TRUE,Finanzas
USR_173,Ferreteria El Clavo,mantenimiento_y_muebles,1390.53,tarjeta_debito,FALSE,Hogar
USR_111,Polleria,carniceria_y_granja,83202.06,saldo_billetera,TRUE,Alimentacion
USR_414,Vantage,farmacia,74279.56,transferencia,TRUE,Salud
USR_202,Inmobiliaria Sur,alquiler_y_expensas,40571.65,transferencia,TRUE,Hogar
USR_076,Metrogas,servicios_basicos,28758.31,efectivo,TRUE,Hogar
USR_370,Autopistas del Sol,peajes,37249.32,tarjeta_credito,TRUE,Transporte
USR_414,Axion,combustible,35624.14,saldo_billetera,TRUE,Transporte
USR_269,OSDE,cobertura_medica,84494.89,tarjeta_debito,TRUE,Salud
USR_147,Visa Pago Tarjeta,pago_tarjetas,56805.37,saldo_billetera,TRUE,Finanzas
USR_356,Montagne,hobbies_y_deportes,9673.35,tarjeta_credito,FALSE,Entretenimiento
USR_015,Visa Pago Tarjeta,pago_tarjetas,82563.86,tarjeta_credito,TRUE,Finanzas
USR_361,Easy,mantenimiento_y_muebles,26153.67,tarjeta_debito,FALSE,Hogar
USR_281,Transferencia a Juan,transferencias,75992.54,efectivo,FALSE,Finanzas
USR_131,AGIP,impuestos,11554.02,tarjeta_debito,TRUE,Finanzas
USR_055,Telepase,peajes,97908,transferencia,TRUE,Transporte
USR_373,Carrefour,supermercado,75500.79,tarjeta_debito,TRUE,Alimentacion
USR_348,Taxi Premium,taxi_y_apps,114197.96,efectivo,FALSE,Transporte
USR_348,Galeno,cobertura_medica,116369.49,tarjeta_credito,TRUE,Salud
USR_322,Carga SUBE,transporte_publico,34318.53,transferencia,TRUE,Transporte
USR_017,Didi,taxi_y_apps,44161.75,saldo_billetera,FALSE,Transporte
USR_090,Consorcio Edificio,alquiler_y_expensas,42617.43,tarjeta_debito,TRUE,Hogar
USR_247,Jumbo,supermercado,73355.47,tarjeta_debito,TRUE,Alimentacion
USR_347,Spotify,suscripciones_digitales,80787.96,saldo_billetera,FALSE,Entretenimiento
USR_289,Movistar,servicios_basicos,47531.33,efectivo,TRUE,Hogar
USR_488,Centro Medico,atencion_medica,22043.73,tarjeta_debito,TRUE,Salud
USR_464,ARBA,impuestos,80176.05,transferencia,TRUE,Finanzas
USR_269,Galeno,cobertura_medica,83185.89,tarjeta_debito,TRUE,Salud
USR_429,Montagne,hobbies_y_deportes,48700.25,tarjeta_debito,FALSE,Entretenimiento
USR_485,AFIP,impuestos,29491.73,efectivo,TRUE,Finanzas
USR_182,Vantage,farmacia,14211.72,tarjeta_debito,TRUE,Salud
USR_416,Inmobiliaria Sur,alquiler_y_expensas,93889.63,tarjeta_credito,TRUE,Hogar
USR_119,Administracion Lopez,alquiler_y_expensas,16366.74,tarjeta_debito,TRUE,Hogar
USR_010,Rappi,delivery,82872.77,saldo_billetera,FALSE,Alimentacion
USR_022,Axion,combustible,15665.61,tarjeta_debito,TRUE,Transporte
USR_065,Uber,taxi_y_apps,119166.36,tarjeta_debito,FALSE,Transporte
USR_334,Carrefour,supermercado,72558.46,tarjeta_credito,TRUE,Alimentacion
USR_005,PedidosYa,delivery,57928.24,tarjeta_debito,FALSE,Alimentacion
USR_333,Barberia,cuidado_personal,30449.17,transferencia,FALSE,Entretenimiento
USR_143,Envio de dinero,transferencias,17987.59,transferencia,FALSE,Finanzas
USR_354,Movistar,servicios_basicos,69983.17,efectivo,TRUE,Hogar
USR_009,ARBA,impuestos,96631.1,tarjeta_debito,TRUE,Finanzas
USR_211,Steam Games,hobbies_y_deportes,68538.55,efectivo,FALSE,Entretenimiento
USR_106,ARBA,impuestos,116858.06,efectivo,TRUE,Finanzas
USR_344,Zara,indumentaria,71008.98,transferencia,FALSE,Entretenimiento
USR_205,Telepase,peajes,41126.42,tarjeta_credito,TRUE,Transporte
USR_233,Inmobiliaria Sur,alquiler_y_expensas,9072.94,saldo_billetera,TRUE,Hogar
USR_365,AGIP,impuestos,30032.06,tarjeta_credito,TRUE,Finanzas
USR_451,Levis,indumentaria,59780.84,efectivo,FALSE,Entretenimiento
USR_175,Galeno,cobertura_medica,81661.18,transferencia,TRUE,Salud
USR_419,Peluqueria Estilos,cuidado_personal,43674.19,efectivo,FALSE,Entretenimiento
USR_325,Adidas,indumentaria,92389.99,tarjeta_credito,FALSE,Entretenimiento
USR_414,Carniceria Los Hermanos,carniceria_y_granja,27205.2,efectivo,TRUE,Alimentacion
USR_405,Vantage,farmacia,89922.02,efectivo,TRUE,Salud
USR_221,Centro Medico,atencion_medica,6657,tarjeta_debito,TRUE,Salud
USR_086,Administracion Lopez,alquiler_y_expensas,51280.68,saldo_billetera,TRUE,Hogar
USR_014,Trenes Argentinos,transporte_publico,55706.1,transferencia,TRUE,Transporte
USR_196,Centro de Estetica,cuidado_personal,10810.97,efectivo,FALSE,Entretenimiento
USR_346,Visa Pago Tarjeta,pago_tarjetas,35520.3,tarjeta_debito,TRUE,Finanzas
USR_121,Amex,pago_tarjetas,58560.08,tarjeta_debito,TRUE,Finanzas
USR_010,Shell,combustible,10512.03,saldo_billetera,TRUE,Transporte
USR_318,Carga SUBE,transporte_publico,61629.22,transferencia,TRUE,Transporte
USR_042,Taller Mecanico,mantenimiento_vehicular,94125.94,efectivo,TRUE,Transporte
USR_202,Puma,combustible,114045.63,saldo_billetera,TRUE,Transporte
USR_326,Amazon Prime,suscripciones_digitales,78538.64,tarjeta_credito,FALSE,Entretenimiento
USR_444,YPF,combustible,63344.09,transferencia,TRUE,Transporte
USR_120,Visa Pago Tarjeta,pago_tarjetas,48395.97,tarjeta_credito,TRUE,Finanzas
USR_485,Transferencia a Juan,transferencias,96285.19,transferencia,FALSE,Finanzas
USR_033,Farmacia Dr Ahorro,farmacia,19724.66,tarjeta_credito,TRUE,Salud
USR_447,Netflix,suscripciones_digitales,92655.39,saldo_billetera,FALSE,Entretenimiento
USR_110,Burger King,restaurante,23092.85,tarjeta_debito,FALSE,Alimentacion
USR_417,Barberia,cuidado_personal,51322.31,efectivo,FALSE,Entretenimiento
USR_192,Hospital Italiano,atencion_medica,20460.27,tarjeta_credito,TRUE,Salud
USR_197,Polleria,carniceria_y_granja,26171.97,tarjeta_debito,TRUE,Alimentacion
USR_281,Autopistas del Sol,peajes,79602.51,saldo_billetera,TRUE,Transporte
USR_217,Granja San Jose,carniceria_y_granja,112309.61,tarjeta_debito,TRUE,Alimentacion
USR_444,Administracion Lopez,alquiler_y_expensas,81890.83,efectivo,TRUE,Hogar
USR_435,Nike,indumentaria,23804.37,tarjeta_debito,FALSE,Entretenimiento
USR_431,YPF,combustible,118189.44,tarjeta_debito,TRUE,Transporte
USR_051,Farmacity,farmacia,62683.11,efectivo,TRUE,Salud
USR_257,Amex,pago_tarjetas,10351.52,transferencia,TRUE,Finanzas
USR_239,Uber,taxi_y_apps,36861.31,tarjeta_debito,FALSE,Transporte
USR_220,Vantage,farmacia,48182.74,transferencia,TRUE,Salud
USR_023,Barberia,cuidado_personal,58332.62,transferencia,FALSE,Entretenimiento
USR_376,Adidas,indumentaria,92796.59,tarjeta_credito,FALSE,Entretenimiento
USR_098,Canchas de Futbol,hobbies_y_deportes,108157.61,efectivo,FALSE,Entretenimiento
USR_095,Envio de dinero,transferencias,81401.98,tarjeta_debito,FALSE,Finanzas
USR_489,Polleria,carniceria_y_granja,57882.81,saldo_billetera,TRUE,Alimentacion
USR_211,Canchas de Futbol,hobbies_y_deportes,108978.65,efectivo,FALSE,Entretenimiento
USR_201,AFIP,impuestos,68318.45,transferencia,TRUE,Finanzas
USR_289,Axion,combustible,108193.85,saldo_billetera,TRUE,Transporte
USR_369,AFIP,impuestos,41232.93,tarjeta_debito,TRUE,Finanzas
USR_395,Taller Mecanico,mantenimiento_vehicular,52443.69,tarjeta_debito,TRUE,Transporte
USR_390,Sodimac,mantenimiento_y_muebles,119141.37,tarjeta_debito,FALSE,Hogar
USR_350,Farmacia Dr Ahorro,farmacia,98139.09,transferencia,TRUE,Salud
USR_286,ARBA,impuestos,85121.87,tarjeta_debito,TRUE,Finanzas
USR_009,Consorcio Edificio,alquiler_y_expensas,34193.46,tarjeta_debito,TRUE,Hogar
USR_024,Swiss Medical,cobertura_medica,46772.48,transferencia,TRUE,Salud
USR_030,Amex,pago_tarjetas,80270.04,saldo_billetera,TRUE,Finanzas
USR_384,Consorcio Edificio,alquiler_y_expensas,119951.23,tarjeta_credito,TRUE,Hogar
USR_030,HBO Max,suscripciones_digitales,23460.66,tarjeta_debito,FALSE,Entretenimiento
USR_461,Galeno,cobertura_medica,111171.45,tarjeta_debito,TRUE,Salud
USR_465,Amazon Prime,suscripciones_digitales,117819.75,transferencia,FALSE,Entretenimiento
USR_236,Polleria,carniceria_y_granja,106083.11,efectivo,TRUE,Alimentacion
USR_082,Easy,mantenimiento_y_muebles,76707.29,transferencia,FALSE,Hogar
USR_332,Visa Pago Tarjeta,pago_tarjetas,104002.41,efectivo,TRUE,Finanzas
USR_290,Easy,mantenimiento_y_muebles,28567.51,efectivo,FALSE,Hogar
USR_076,Edenor,servicios_basicos,88772.36,transferencia,TRUE,Hogar
USR_249,Didi,taxi_y_apps,11440.97,transferencia,FALSE,Transporte
USR_214,AGIP,impuestos,12575.38,saldo_billetera,TRUE,Finanzas
USR_321,Steam Games,hobbies_y_deportes,89537.4,transferencia,FALSE,Entretenimiento
USR_021,AUSA Peajes,peajes,37207.37,saldo_billetera,TRUE,Transporte
USR_135,YPF,combustible,42608.14,efectivo,TRUE,Transporte
USR_334,Laboratorio,atencion_medica,99262.42,tarjeta_credito,TRUE,Salud
USR_052,Rappi,delivery,2075.57,saldo_billetera,FALSE,Alimentacion
USR_061,AGIP,impuestos,39549.63,tarjeta_debito,TRUE,Finanzas
USR_286,YPF,combustible,112192.55,saldo_billetera,TRUE,Transporte
USR_169,MercadoPago Transferencia,transferencias,42136.98,saldo_billetera,FALSE,Finanzas
USR_361,MercadoPago Transferencia,transferencias,10455.36,efectivo,FALSE,Finanzas
USR_467,Carniceria Los Hermanos,carniceria_y_granja,30447.47,tarjeta_credito,TRUE,Alimentacion
USR_009,Barberia,cuidado_personal,61053.22,efectivo,FALSE,Entretenimiento
USR_362,Amazon Prime,suscripciones_digitales,50344.75,saldo_billetera,FALSE,Entretenimiento
USR_384,Inmobiliaria Sur,alquiler_y_expensas,44511.39,transferencia,TRUE,Hogar
USR_451,Carga SUBE,transporte_publico,32734.3,transferencia,TRUE,Transporte
USR_213,Galeno,cobertura_medica,89710.43,efectivo,TRUE,Salud
USR_258,Movistar,servicios_basicos,1995.36,tarjeta_debito,TRUE,Hogar
USR_469,Ferreteria El Clavo,mantenimiento_y_muebles,74132.66,efectivo,FALSE,Hogar
USR_144,Hospital Italiano,atencion_medica,105604.98,saldo_billetera,TRUE,Salud
USR_464,Amex,pago_tarjetas,1695.61,transferencia,TRUE,Finanzas
USR_033,Personal Flow,servicios_basicos,87336.79,efectivo,TRUE,Hogar
USR_471,Coto,supermercado,70309.25,tarjeta_debito,TRUE,Alimentacion
USR_235,Farmacity,farmacia,25692.04,transferencia,TRUE,Salud
USR_251,Movistar,servicios_basicos,63290.79,transferencia,TRUE,Hogar
USR_064,Dia%,supermercado,44263.68,tarjeta_credito,TRUE,Alimentacion
USR_151,Envio de dinero,transferencias,40060.23,tarjeta_debito,FALSE,Finanzas
USR_046,Centro de Estetica,cuidado_personal,4827.6,tarjeta_credito,FALSE,Entretenimiento
USR_376,Personal Flow,servicios_basicos,78862.67,transferencia,TRUE,Hogar
USR_445,HBO Max,suscripciones_digitales,80318.31,tarjeta_debito,FALSE,Entretenimiento
USR_200,Rappi,delivery,116052.6,saldo_billetera,FALSE,Alimentacion
USR_432,Coto,supermercado,43318.98,tarjeta_credito,TRUE,Alimentacion
USR_286,Granja San Jose,carniceria_y_granja,62297.53,saldo_billetera,TRUE,Alimentacion
USR_111,Inmobiliaria Sur,alquiler_y_expensas,91318.27,transferencia,TRUE,Hogar
USR_477,Neumaticos,mantenimiento_vehicular,118573.4,efectivo,TRUE,Transporte
USR_322,Personal Flow,servicios_basicos,22263.98,tarjeta_debito,TRUE,Hogar
USR_448,Vivero Las Plantas,mantenimiento_y_muebles,80713.81,saldo_billetera,FALSE,Hogar
USR_014,Mastercard,pago_tarjetas,103474.08,saldo_billetera,TRUE,Finanzas
USR_307,Personal Flow,servicios_basicos,83200.24,transferencia,TRUE,Hogar
USR_014,Centro de Estetica,cuidado_personal,117977.29,transferencia,FALSE,Entretenimiento
USR_174,Telepase,peajes,24500.14,efectivo,TRUE,Transporte
USR_098,YPF,combustible,44341.85,saldo_billetera,TRUE,Transporte
USR_131,Farmacity,farmacia,77885.77,transferencia,TRUE,Salud
USR_161,Carga SUBE,transporte_publico,27860.98,tarjeta_debito,TRUE,Transporte
USR_004,Amex,pago_tarjetas,29408.18,tarjeta_debito,TRUE,Finanzas
USR_232,Antares,restaurante,28632.56,tarjeta_debito,FALSE,Alimentacion
USR_319,Antares,restaurante,27102.68,saldo_billetera,FALSE,Alimentacion
USR_374,Personal Flow,servicios_basicos,57964.07,saldo_billetera,TRUE,Hogar
USR_335,Polleria,carniceria_y_granja,65825.93,tarjeta_credito,TRUE,Alimentacion
USR_236,Movistar,servicios_basicos,61682.4,saldo_billetera,TRUE,Hogar
USR_011,Consorcio Edificio,alquiler_y_expensas,51820.39,transferencia,TRUE,Hogar
USR_137,Transferencia a Juan,transferencias,12448.83,tarjeta_debito,FALSE,Finanzas
USR_462,Adidas,indumentaria,111754.36,efectivo,FALSE,Entretenimiento
USR_354,Netflix,suscripciones_digitales,33218.39,tarjeta_debito,FALSE,Entretenimiento
USR_343,Metrogas,servicios_basicos,91909.92,tarjeta_debito,TRUE,Hogar
USR_165,Nike,indumentaria,33231.4,efectivo,FALSE,Entretenimiento
USR_378,Carga SUBE,transporte_publico,22213.6,transferencia,TRUE,Transporte
USR_132,Carniceria Los Hermanos,carniceria_y_granja,73713.49,saldo_billetera,TRUE,Alimentacion
USR_444,Metrogas,servicios_basicos,57881.82,tarjeta_debito,TRUE,Hogar
USR_126,Easy,mantenimiento_y_muebles,76108.62,transferencia,FALSE,Hogar
USR_475,Adidas,indumentaria,72736.01,efectivo,FALSE,Entretenimiento
USR_183,Burger King,restaurante,116884.75,saldo_billetera,FALSE,Alimentacion
USR_485,Consorcio Edificio,alquiler_y_expensas,62471.61,saldo_billetera,TRUE,Hogar
USR_233,Laboratorio,atencion_medica,20345.52,efectivo,TRUE,Salud
USR_028,Autopistas del Sol,peajes,16853.52,tarjeta_credito,TRUE,Transporte
USR_347,Dia%,supermercado,4617.78,efectivo,TRUE,Alimentacion
USR_096,Rappi,delivery,24057.96,saldo_billetera,FALSE,Alimentacion
USR_178,Autopistas del Sol,peajes,37937.07,efectivo,TRUE,Transporte
USR_454,Amex,pago_tarjetas,100886.23,saldo_billetera,TRUE,Finanzas
USR_141,Metrogas,servicios_basicos,69151.45,saldo_billetera,TRUE,Hogar
USR_330,OSDE,cobertura_medica,66842.7,tarjeta_debito,TRUE,Salud
USR_380,Transferencia a Juan,transferencias,65365.34,tarjeta_debito,FALSE,Finanzas
USR_126,PedidosYa,delivery,92793.93,transferencia,FALSE,Alimentacion
USR_209,Axion,combustible,26782.84,efectivo,TRUE,Transporte
USR_369,Lubricentro,mantenimiento_vehicular,62942.45,saldo_billetera,TRUE,Transporte
USR_453,Peluqueria Estilos,cuidado_personal,57063.83,tarjeta_credito,FALSE,Entretenimiento
USR_357,AySA,servicios_basicos,36556.05,saldo_billetera,TRUE,Hogar
USR_334,Centro Medico,atencion_medica,5663.37,transferencia,TRUE,Salud
USR_013,Axion,combustible,34241.77,saldo_billetera,TRUE,Transporte
USR_363,Hospital Italiano,atencion_medica,62881.19,tarjeta_credito,TRUE,Salud
USR_302,MercadoPago Transferencia,transferencias,68067.52,transferencia,FALSE,Finanzas
USR_267,Antares,restaurante,39992.14,saldo_billetera,FALSE,Alimentacion
USR_119,AySA,servicios_basicos,4231.64,tarjeta_credito,TRUE,Hogar
USR_225,Steam Games,hobbies_y_deportes,106042.72,tarjeta_credito,FALSE,Entretenimiento
USR_430,Farmacia Dr Ahorro,farmacia,49827.55,tarjeta_debito,TRUE,Salud
USR_142,Administracion Lopez,alquiler_y_expensas,45967.28,saldo_billetera,TRUE,Hogar
USR_123,Envio de dinero,transferencias,40346,efectivo,FALSE,Finanzas
USR_183,Zara,indumentaria,9103.03,saldo_billetera,FALSE,Entretenimiento
USR_421,Metrogas,servicios_basicos,98468.21,tarjeta_debito,TRUE,Hogar
USR_421,YPF,combustible,72347.82,saldo_billetera,TRUE,Transporte
USR_161,Steam Games,hobbies_y_deportes,51457.19,efectivo,FALSE,Entretenimiento
USR_038,Hospital Italiano,atencion_medica,13611.25,tarjeta_credito,TRUE,Salud
USR_081,Consorcio Edificio,alquiler_y_expensas,106817.05,transferencia,TRUE,Hogar
USR_188,Jumbo,supermercado,45003.71,tarjeta_debito,TRUE,Alimentacion
USR_273,Farmacia Dr Ahorro,farmacia,102592.19,efectivo,TRUE,Salud
USR_128,Ferreteria El Clavo,mantenimiento_y_muebles,104616.48,transferencia,FALSE,Hogar
USR_452,Shell,combustible,78898.39,tarjeta_credito,TRUE,Transporte
USR_147,Levis,indumentaria,45112.92,efectivo,FALSE,Entretenimiento
USR_432,Movistar,servicios_basicos,93980.83,efectivo,TRUE,Hogar
USR_336,Galeno,cobertura_medica,61987.69,saldo_billetera,TRUE,Salud
USR_488,Visa Pago Tarjeta,pago_tarjetas,6452.84,tarjeta_credito,TRUE,Finanzas
USR_074,Galeno,cobertura_medica,77911.32,saldo_billetera,TRUE,Salud
USR_323,Steam Games,hobbies_y_deportes,35955.23,saldo_billetera,FALSE,Entretenimiento
USR_346,Galeno,cobertura_medica,71479.84,saldo_billetera,TRUE,Salud
USR_026,Vivero Las Plantas,mantenimiento_y_muebles,13406.44,tarjeta_debito,FALSE,Hogar
USR_433,Neumaticos,mantenimiento_vehicular,111286.93,tarjeta_debito,TRUE,Transporte
USR_093,Didi,taxi_y_apps,92781.63,transferencia,FALSE,Transporte
USR_125,Coto,supermercado,75099.5,saldo_billetera,TRUE,Alimentacion
USR_234,Burger King,restaurante,80058.17,tarjeta_credito,FALSE,Alimentacion
USR_414,Ferreteria El Clavo,mantenimiento_y_muebles,85115.84,transferencia,FALSE,Hogar
USR_469,Personal Flow,servicios_basicos,23518.28,transferencia,TRUE,Hogar
USR_303,Coto,supermercado,58700,tarjeta_credito,TRUE,Alimentacion
USR_251,Chino El Sol,supermercado,21682.4,tarjeta_credito,TRUE,Alimentacion
USR_194,Consorcio Edificio,alquiler_y_expensas,41377.41,efectivo,TRUE,Hogar
USR_301,Swiss Medical,cobertura_medica,95095.18,tarjeta_debito,TRUE,Salud
USR_304,Personal Flow,servicios_basicos,74996.58,saldo_billetera,TRUE,Hogar
USR_008,Metrovias,transporte_publico,15079.82,transferencia,TRUE,Transporte
USR_346,Taller Mecanico,mantenimiento_vehicular,34302.59,efectivo,TRUE,Transporte
USR_108,Carniceria Los Hermanos,carniceria_y_granja,32880.03,efectivo,TRUE,Alimentacion
USR_124,Farmacia Dr Ahorro,farmacia,32863.11,efectivo,TRUE,Salud
USR_338,Envio de dinero,transferencias,65163.56,saldo_billetera,FALSE,Finanzas
USR_335,Vantage,farmacia,118685.27,tarjeta_credito,TRUE,Salud
USR_382,Antares,restaurante,101294.99,tarjeta_credito,FALSE,Alimentacion
USR_019,Carrefour,supermercado,71618.76,tarjeta_credito,TRUE,Alimentacion
USR_083,Uber,taxi_y_apps,91012.66,saldo_billetera,FALSE,Transporte
USR_373,Canchas de Futbol,hobbies_y_deportes,27779.67,tarjeta_credito,FALSE,Entretenimiento
USR_183,Netflix,suscripciones_digitales,71466.41,efectivo,FALSE,Entretenimiento
USR_327,Laboratorio,atencion_medica,114438.93,tarjeta_credito,TRUE,Salud
USR_410,Mastercard,pago_tarjetas,38944.33,saldo_billetera,TRUE,Finanzas
USR_176,Granja San Jose,carniceria_y_granja,28310.29,saldo_billetera,TRUE,Alimentacion
USR_154,ARBA,impuestos,15888.9,transferencia,TRUE,Finanzas
USR_103,Hospital Italiano,atencion_medica,94731.26,tarjeta_debito,TRUE,Salud
USR_498,Carga SUBE,transporte_publico,14946.88,tarjeta_debito,TRUE,Transporte
USR_345,Administracion Lopez,alquiler_y_expensas,58530.41,saldo_billetera,TRUE,Hogar
USR_402,Taller Mecanico,mantenimiento_vehicular,62052.78,tarjeta_credito,TRUE,Transporte
USR_144,Administracion Lopez,alquiler_y_expensas,47434.94,transferencia,TRUE,Hogar
USR_286,Swiss Medical,cobertura_medica,100534.4,saldo_billetera,TRUE,Salud
USR_442,Edenor,servicios_basicos,102259.33,tarjeta_debito,TRUE,Hogar
USR_066,Laboratorio,atencion_medica,93402.25,tarjeta_credito,TRUE,Salud
USR_244,ARBA,impuestos,41137.3,transferencia,TRUE,Finanzas
USR_251,Puma,combustible,102480.13,efectivo,TRUE,Transporte
USR_223,Edenor,servicios_basicos,70113.49,transferencia,TRUE,Hogar
USR_267,Administracion Lopez,alquiler_y_expensas,104276.25,tarjeta_debito,TRUE,Hogar
USR_191,Consorcio Edificio,alquiler_y_expensas,103873.8,tarjeta_debito,TRUE,Hogar
USR_162,Centro de Estetica,cuidado_personal,5270.93,transferencia,FALSE,Entretenimiento
USR_202,Farmacity,farmacia,5698.65,saldo_billetera,TRUE,Salud
USR_360,Movistar,servicios_basicos,34264.92,efectivo,TRUE,Hogar
USR_464,Envio de dinero,transferencias,118287.81,transferencia,FALSE,Finanzas
USR_489,Barberia,cuidado_personal,23472.69,transferencia,FALSE,Entretenimiento
USR_112,Mastercard,pago_tarjetas,6651.13,efectivo,TRUE,Finanzas
USR_479,Levis,indumentaria,101701,tarjeta_debito,FALSE,Entretenimiento
USR_068,Metrovias,transporte_publico,1815.77,efectivo,TRUE,Transporte
USR_195,Centro de Estetica,cuidado_personal,82835.77,efectivo,FALSE,Entretenimiento
USR_088,Envio de dinero,transferencias,58225.95,tarjeta_credito,FALSE,Finanzas
USR_319,Movistar,servicios_basicos,80292.93,transferencia,TRUE,Hogar
USR_446,Canchas de Futbol,hobbies_y_deportes,40624.94,saldo_billetera,FALSE,Entretenimiento
USR_230,Burger King,restaurante,46179.37,transferencia,FALSE,Alimentacion
USR_042,Carga SUBE,transporte_publico,111680.34,transferencia,TRUE,Transporte
USR_095,Transferencia a Juan,transferencias,83570.81,tarjeta_debito,FALSE,Finanzas
USR_474,Farmacia Dr Ahorro,farmacia,54675.17,transferencia,TRUE,Salud
USR_124,Neumaticos,mantenimiento_vehicular,66939.57,tarjeta_credito,TRUE,Transporte
USR_189,Metrogas,servicios_basicos,1614.72,efectivo,TRUE,Hogar
USR_269,ARBA,impuestos,2672.75,tarjeta_credito,TRUE,Finanzas
USR_449,Easy,mantenimiento_y_muebles,78124.75,tarjeta_debito,FALSE,Hogar
USR_198,Amazon Prime,suscripciones_digitales,111451.01,transferencia,FALSE,Entretenimiento
USR_077,PedidosYa,delivery,44250.1,tarjeta_credito,FALSE,Alimentacion
USR_022,Centro de Estetica,cuidado_personal,62860.79,tarjeta_debito,FALSE,Entretenimiento
USR_154,Netflix,suscripciones_digitales,40886.53,tarjeta_debito,FALSE,Entretenimiento
USR_210,Administracion Lopez,alquiler_y_expensas,22376.51,transferencia,TRUE,Hogar
USR_076,Movistar,servicios_basicos,95889.6,saldo_billetera,TRUE,Hogar
USR_036,Administracion Lopez,alquiler_y_expensas,99006.31,tarjeta_credito,TRUE,Hogar
USR_153,Rappi,delivery,37608.8,efectivo,FALSE,Alimentacion
USR_353,Uber,taxi_y_apps,109975.59,tarjeta_debito,FALSE,Transporte
USR_071,Administracion Lopez,alquiler_y_expensas,72831.99,efectivo,TRUE,Hogar
USR_221,Amex,pago_tarjetas,62768.38,saldo_billetera,TRUE,Finanzas
USR_086,Axion,combustible,69956.45,tarjeta_debito,TRUE,Transporte
USR_309,Galeno,cobertura_medica,67653.38,tarjeta_credito,TRUE,Salud
USR_459,Metrovias,transporte_publico,11713.88,tarjeta_debito,TRUE,Transporte
USR_104,Steam Games,hobbies_y_deportes,86540.34,saldo_billetera,FALSE,Entretenimiento
USR_140,Inmobiliaria Sur,alquiler_y_expensas,42334.78,tarjeta_credito,TRUE,Hogar
USR_017,AGIP,impuestos,109115.8,tarjeta_debito,TRUE,Finanzas
USR_189,Swiss Medical,cobertura_medica,118478.26,saldo_billetera,TRUE,Salud
USR_108,Swiss Medical,cobertura_medica,108581.32,tarjeta_debito,TRUE,Salud
USR_253,Granja San Jose,carniceria_y_granja,29611.07,saldo_billetera,TRUE,Alimentacion
USR_470,Personal Flow,servicios_basicos,70293.14,saldo_billetera,TRUE,Hogar
USR_032,Polleria,carniceria_y_granja,61882.23,saldo_billetera,TRUE,Alimentacion
USR_221,AySA,servicios_basicos,33840.51,tarjeta_credito,TRUE,Hogar
USR_067,Transferencia a Juan,transferencias,85782.69,transferencia,FALSE,Finanzas
USR_011,Visa Pago Tarjeta,pago_tarjetas,47584.72,tarjeta_debito,TRUE,Finanzas
USR_425,Trenes Argentinos,transporte_publico,102993.76,transferencia,TRUE,Transporte
USR_122,Pizzeria La Continental,restaurante,102641.44,tarjeta_credito,FALSE,Alimentacion
USR_246,Amazon Prime,suscripciones_digitales,63604.92,tarjeta_debito,FALSE,Entretenimiento
USR_074,Centro de Estetica,cuidado_personal,71833.44,tarjeta_debito,FALSE,Entretenimiento
USR_316,MercadoPago Transferencia,transferencias,99268.64,transferencia,FALSE,Finanzas
USR_184,Coto,supermercado,37072.81,tarjeta_credito,TRUE,Alimentacion
USR_184,Vantage,farmacia,64984.84,tarjeta_credito,TRUE,Salud
USR_413,Administracion Lopez,alquiler_y_expensas,20566.33,tarjeta_debito,TRUE,Hogar
USR_374,Centro Medico,atencion_medica,67326.43,saldo_billetera,TRUE,Salud
USR_266,Zara,indumentaria,93134.12,saldo_billetera,FALSE,Entretenimiento
USR_299,AySA,servicios_basicos,116694.26,tarjeta_credito,TRUE,Hogar
USR_078,Dia%,supermercado,78406.85,transferencia,TRUE,Alimentacion
USR_123,Zara,indumentaria,71228.87,tarjeta_debito,FALSE,Entretenimiento
USR_193,OSDE,cobertura_medica,37206.97,tarjeta_debito,TRUE,Salud
USR_221,Neumaticos,mantenimiento_vehicular,691.02,transferencia,TRUE,Transporte
USR_486,Polleria,carniceria_y_granja,77980.33,tarjeta_credito,TRUE,Alimentacion
USR_150,AGIP,impuestos,11398.67,efectivo,TRUE,Finanzas
USR_310,Centro de Estetica,cuidado_personal,23213.42,tarjeta_debito,FALSE,Entretenimiento
USR_042,Steam Games,hobbies_y_deportes,110612.55,tarjeta_debito,FALSE,Entretenimiento
USR_156,Netflix,suscripciones_digitales,56236.06,tarjeta_credito,FALSE,Entretenimiento
USR_398,Cafe Martinez,restaurante,36991.91,saldo_billetera,FALSE,Alimentacion
USR_096,PedidosYa,delivery,61585.56,saldo_billetera,FALSE,Alimentacion
USR_136,Adidas,indumentaria,45853.87,efectivo,FALSE,Entretenimiento
USR_175,Carrefour,supermercado,15942.31,transferencia,TRUE,Alimentacion
USR_138,ARBA,impuestos,35349.1,saldo_billetera,TRUE,Finanzas
USR_095,AFIP,impuestos,82161.36,tarjeta_credito,TRUE,Finanzas
USR_346,Amex,pago_tarjetas,55058.75,saldo_billetera,TRUE,Finanzas
USR_495,HBO Max,suscripciones_digitales,119685.69,efectivo,FALSE,Entretenimiento
USR_277,PedidosYa,delivery,113641.11,efectivo,FALSE,Alimentacion
USR_030,Swiss Medical,cobertura_medica,43385.67,efectivo,TRUE,Salud
USR_273,Polleria,carniceria_y_granja,108605.22,saldo_billetera,TRUE,Alimentacion
USR_446,Steam Games,hobbies_y_deportes,68909.5,transferencia,FALSE,Entretenimiento
USR_231,Transferencia a Juan,transferencias,113752.79,tarjeta_credito,FALSE,Finanzas
USR_078,Laboratorio,atencion_medica,25252.7,efectivo,TRUE,Salud
USR_180,Farmacia Dr Ahorro,farmacia,61619.64,transferencia,TRUE,Salud
USR_093,Antares,restaurante,17624.83,efectivo,FALSE,Alimentacion
USR_075,Barberia,cuidado_personal,71323.68,efectivo,FALSE,Entretenimiento
USR_253,AGIP,impuestos,38824.65,transferencia,TRUE,Finanzas
USR_433,Steam Games,hobbies_y_deportes,117577.72,transferencia,FALSE,Entretenimiento
USR_297,PedidosYa,delivery,11722.72,transferencia,FALSE,Alimentacion
USR_255,MercadoPago Transferencia,transferencias,87021.52,saldo_billetera,FALSE,Finanzas
USR_173,Vivero Las Plantas,mantenimiento_y_muebles,53596.43,efectivo,FALSE,Hogar
USR_024,Administracion Lopez,alquiler_y_expensas,60257.88,transferencia,TRUE,Hogar
USR_490,Carga SUBE,transporte_publico,106875.55,efectivo,TRUE,Transporte
USR_015,Administracion Lopez,alquiler_y_expensas,108315.99,efectivo,TRUE,Hogar
USR_239,Steam Games,hobbies_y_deportes,116334.85,transferencia,FALSE,Entretenimiento
USR_327,AFIP,impuestos,21260.35,transferencia,TRUE,Finanzas
USR_141,Laboratorio,atencion_medica,14379.46,efectivo,TRUE,Salud
USR_374,Swiss Medical,cobertura_medica,109055.62,transferencia,TRUE,Salud
USR_077,Neumaticos,mantenimiento_vehicular,2255.39,tarjeta_debito,TRUE,Transporte
USR_240,Consorcio Edificio,alquiler_y_expensas,33275.11,transferencia,TRUE,Hogar
USR_059,Autopistas del Sol,peajes,109533.61,saldo_billetera,TRUE,Transporte
USR_494,Edenor,servicios_basicos,77822.85,efectivo,TRUE,Hogar
USR_254,PedidosYa,delivery,28672.55,tarjeta_credito,FALSE,Alimentacion
USR_315,Adidas,indumentaria,40652.95,tarjeta_debito,FALSE,Entretenimiento
USR_363,Visa Pago Tarjeta,pago_tarjetas,5037.37,efectivo,TRUE,Finanzas
USR_144,Sodimac,mantenimiento_y_muebles,39400.55,tarjeta_debito,FALSE,Hogar
USR_239,Canchas de Futbol,hobbies_y_deportes,65550.88,efectivo,FALSE,Entretenimiento
USR_136,Peluqueria Estilos,cuidado_personal,10473.27,efectivo,FALSE,Entretenimiento
USR_186,Chino El Sol,supermercado,94599.22,transferencia,TRUE,Alimentacion
USR_475,Chino El Sol,supermercado,15483.6,transferencia,TRUE,Alimentacion
USR_492,Hospital Italiano,atencion_medica,60254.15,efectivo,TRUE,Salud
USR_079,Levis,indumentaria,81982.32,saldo_billetera,FALSE,Entretenimiento
USR_234,Inmobiliaria Sur,alquiler_y_expensas,16859.77,tarjeta_debito,TRUE,Hogar
USR_053,Taller Mecanico,mantenimiento_vehicular,105177.8,tarjeta_debito,TRUE,Transporte
USR_477,Visa Pago Tarjeta,pago_tarjetas,12511.24,tarjeta_debito,TRUE,Finanzas
USR_240,YPF,combustible,17971.64,tarjeta_debito,TRUE,Transporte
USR_494,Swiss Medical,cobertura_medica,57159.38,transferencia,TRUE,Salud
USR_090,Chino El Sol,supermercado,33031.33,tarjeta_debito,TRUE,Alimentacion
USR_361,Centro Medico,atencion_medica,54232.55,efectivo,TRUE,Salud
USR_171,PedidosYa,delivery,12090.58,saldo_billetera,FALSE,Alimentacion
USR_245,AUSA Peajes,peajes,23500.56,tarjeta_credito,TRUE,Transporte
USR_476,Envio de dinero,transferencias,62539.47,saldo_billetera,FALSE,Finanzas
USR_103,Cabify,taxi_y_apps,106605.83,tarjeta_debito,FALSE,Transporte
USR_266,Antares,restaurante,16499.54,tarjeta_credito,FALSE,Alimentacion
USR_492,Steam Games,hobbies_y_deportes,30932.82,tarjeta_debito,FALSE,Entretenimiento
USR_414,Centro Medico,atencion_medica,38703.15,transferencia,TRUE,Salud
USR_289,Uber,taxi_y_apps,93149.65,saldo_billetera,FALSE,Transporte
USR_043,Farmacity,farmacia,2477.24,transferencia,TRUE,Salud
USR_132,Vantage,farmacia,71310.15,transferencia,TRUE,Salud
USR_260,AGIP,impuestos,8101.54,tarjeta_credito,TRUE,Finanzas
USR_315,Axion,combustible,30284.41,tarjeta_credito,TRUE,Transporte
USR_301,Farmacia Dr Ahorro,farmacia,112601.55,tarjeta_debito,TRUE,Salud
USR_161,Puma,combustible,99850.63,tarjeta_debito,TRUE,Transporte
USR_149,Visa Pago Tarjeta,pago_tarjetas,82772.65,tarjeta_credito,TRUE,Finanzas
USR_249,Envio de dinero,transferencias,22862.41,tarjeta_debito,FALSE,Finanzas
USR_366,Granja San Jose,carniceria_y_granja,56563.89,saldo_billetera,TRUE,Alimentacion
USR_267,Amex,pago_tarjetas,13863.31,tarjeta_debito,TRUE,Finanzas
USR_387,Consorcio Edificio,alquiler_y_expensas,21314.07,saldo_billetera,TRUE,Hogar
USR_165,MercadoPago Transferencia,transferencias,94948.53,tarjeta_debito,FALSE,Finanzas
USR_219,Easy,mantenimiento_y_muebles,87680.81,efectivo,FALSE,Hogar
USR_130,Cafe Martinez,restaurante,90755.82,saldo_billetera,FALSE,Alimentacion
USR_259,Farmacia Dr Ahorro,farmacia,26945.82,transferencia,TRUE,Salud
USR_235,HBO Max,suscripciones_digitales,35067.03,tarjeta_debito,FALSE,Entretenimiento
USR_169,Granja San Jose,carniceria_y_granja,52826.08,tarjeta_debito,TRUE,Alimentacion
USR_350,Telepase,peajes,79893.24,saldo_billetera,TRUE,Transporte
USR_040,Uber,taxi_y_apps,97334.14,tarjeta_debito,FALSE,Transporte
USR_284,Centro de Estetica,cuidado_personal,6514.87,transferencia,FALSE,Entretenimiento
USR_469,Cafe Martinez,restaurante,62929.46,transferencia,FALSE,Alimentacion
USR_442,Administracion Lopez,alquiler_y_expensas,104683.42,tarjeta_debito,TRUE,Hogar
USR_158,Rappi,delivery,78969.03,tarjeta_credito,FALSE,Alimentacion
USR_476,Metrovias,transporte_publico,45070.71,tarjeta_credito,TRUE,Transporte
USR_217,ARBA,impuestos,91800.06,efectivo,TRUE,Finanzas
USR_057,Netflix,suscripciones_digitales,45595.74,tarjeta_credito,FALSE,Entretenimiento
USR_300,Envio de dinero,transferencias,119230.42,efectivo,FALSE,Finanzas
USR_376,Canchas de Futbol,hobbies_y_deportes,98229.04,tarjeta_debito,FALSE,Entretenimiento
USR_144,Carniceria Los Hermanos,carniceria_y_granja,118627.94,efectivo,TRUE,Alimentacion
USR_432,Consorcio Edificio,alquiler_y_expensas,95217.96,tarjeta_credito,TRUE,Hogar
USR_314,OSDE,cobertura_medica,2315.93,efectivo,TRUE,Salud
USR_267,Personal Flow,servicios_basicos,6391.21,saldo_billetera,TRUE,Hogar
USR_305,Nike,indumentaria,87046.11,tarjeta_debito,FALSE,Entretenimiento
USR_122,Sodimac,mantenimiento_y_muebles,82863.47,tarjeta_debito,FALSE,Hogar
USR_181,Barberia,cuidado_personal,40853.02,transferencia,FALSE,Entretenimiento
USR_093,Carga SUBE,transporte_publico,119069.28,saldo_billetera,TRUE,Transporte
USR_238,Hospital Italiano,atencion_medica,91124.37,transferencia,TRUE,Salud
USR_112,Mastercard,pago_tarjetas,39194.23,tarjeta_credito,TRUE,Finanzas
USR_174,Trenes Argentinos,transporte_publico,87733.04,efectivo,TRUE,Transporte
USR_281,Envio de dinero,transferencias,34124.5,tarjeta_credito,FALSE,Finanzas
USR_332,Peluqueria Estilos,cuidado_personal,118427.4,efectivo,FALSE,Entretenimiento
USR_206,HBO Max,suscripciones_digitales,32280.04,tarjeta_debito,FALSE,Entretenimiento
USR_496,AFIP,impuestos,36117.03,transferencia,TRUE,Finanzas
USR_395,Polleria,carniceria_y_granja,111576.28,saldo_billetera,TRUE,Alimentacion
USR_387,Consorcio Edificio,alquiler_y_expensas,25837.43,tarjeta_debito,TRUE,Hogar
USR_069,Administracion Lopez,alquiler_y_expensas,34661.02,tarjeta_debito,TRUE,Hogar
USR_141,HBO Max,suscripciones_digitales,86851.44,tarjeta_credito,FALSE,Entretenimiento
USR_089,Nike,indumentaria,92173.27,tarjeta_credito,FALSE,Entretenimiento
USR_402,Jumbo,supermercado,31018.84,transferencia,TRUE,Alimentacion
USR_360,Burger King,restaurante,94768.91,tarjeta_debito,FALSE,Alimentacion
USR_436,Easy,mantenimiento_y_muebles,1517.3,tarjeta_debito,FALSE,Hogar
USR_353,Steam Games,hobbies_y_deportes,71339.79,transferencia,FALSE,Entretenimiento
USR_463,AGIP,impuestos,50978.83,saldo_billetera,TRUE,Finanzas
USR_207,ARBA,impuestos,859.62,saldo_billetera,TRUE,Finanzas
USR_230,Puma,combustible,73876.5,saldo_billetera,TRUE,Transporte
USR_344,Consorcio Edificio,alquiler_y_expensas,94768.19,saldo_billetera,TRUE,Hogar
USR_259,Polleria,carniceria_y_granja,103062.89,tarjeta_credito,TRUE,Alimentacion
USR_073,Centro de Estetica,cuidado_personal,106930.21,tarjeta_credito,FALSE,Entretenimiento
USR_454,Canchas de Futbol,hobbies_y_deportes,55720.47,tarjeta_debito,FALSE,Entretenimiento
USR_207,Cafe Martinez,restaurante,97383.81,transferencia,FALSE,Alimentacion
USR_212,Trenes Argentinos,transporte_publico,61969,efectivo,TRUE,Transporte
USR_229,Amex,pago_tarjetas,28666.08,tarjeta_debito,TRUE,Finanzas
USR_458,Carrefour,supermercado,69768.79,tarjeta_debito,TRUE,Alimentacion
USR_001,Sodimac,mantenimiento_y_muebles,30795.46,saldo_billetera,FALSE,Hogar
USR_053,Easy,mantenimiento_y_muebles,52724.29,tarjeta_credito,FALSE,Hogar
USR_085,Mastercard,pago_tarjetas,33633.19,tarjeta_credito,TRUE,Finanzas
USR_460,Carniceria Los Hermanos,carniceria_y_granja,41198.38,efectivo,TRUE,Alimentacion
USR_066,Edenor,servicios_basicos,12573,efectivo,TRUE,Hogar
USR_165,Pizzeria La Continental,restaurante,89624.91,transferencia,FALSE,Alimentacion
USR_314,AGIP,impuestos,94739.57,tarjeta_debito,TRUE,Finanzas
USR_494,Puma,combustible,95258.26,efectivo,TRUE,Transporte
USR_367,Laboratorio,atencion_medica,93878.35,tarjeta_credito,TRUE,Salud
USR_137,ARBA,impuestos,43366.62,tarjeta_credito,TRUE,Finanzas
USR_069,MercadoPago Transferencia,transferencias,50637.41,efectivo,FALSE,Finanzas
USR_443,Netflix,suscripciones_digitales,115552.87,tarjeta_debito,FALSE,Entretenimiento
USR_429,Zara,indumentaria,118819.98,saldo_billetera,FALSE,Entretenimiento
USR_148,Uber,taxi_y_apps,73273.9,saldo_billetera,FALSE,Transporte
USR_053,Edenor,servicios_basicos,86743.79,tarjeta_credito,TRUE,Hogar
USR_484,Lubricentro,mantenimiento_vehicular,81501.38,tarjeta_debito,TRUE,Transporte
USR_058,Carniceria Los Hermanos,carniceria_y_granja,86138.04,tarjeta_credito,TRUE,Alimentacion
USR_289,Galeno,cobertura_medica,110924.1,tarjeta_credito,TRUE,Salud
USR_256,Inmobiliaria Sur,alquiler_y_expensas,105404.01,tarjeta_credito,TRUE,Hogar
USR_346,Edenor,servicios_basicos,42614.19,transferencia,TRUE,Hogar
USR_026,MercadoPago Transferencia,transferencias,53905.84,transferencia,FALSE,Finanzas
USR_173,Steam Games,hobbies_y_deportes,66335.13,tarjeta_credito,FALSE,Entretenimiento
USR_160,Transferencia a Juan,transferencias,98379.15,saldo_billetera,FALSE,Finanzas
USR_167,Easy,mantenimiento_y_muebles,43199.19,saldo_billetera,FALSE,Hogar
USR_097,HBO Max,suscripciones_digitales,114844.98,tarjeta_debito,FALSE,Entretenimiento
USR_365,Consorcio Edificio,alquiler_y_expensas,73421.02,transferencia,TRUE,Hogar
USR_460,Amazon Prime,suscripciones_digitales,6363.76,transferencia,FALSE,Entretenimiento
USR_256,Centro Medico,atencion_medica,2295.82,tarjeta_credito,TRUE,Salud
USR_008,Chino El Sol,supermercado,1836.01,efectivo,TRUE,Alimentacion
USR_383,Personal Flow,servicios_basicos,80585.27,saldo_billetera,TRUE,Hogar
USR_012,Chino El Sol,supermercado,64277,efectivo,TRUE,Alimentacion
USR_412,Movistar,servicios_basicos,9094.29,transferencia,TRUE,Hogar
USR_210,Dia%,supermercado,59740.06,tarjeta_debito,TRUE,Alimentacion
USR_225,Nike,indumentaria,73131.12,efectivo,FALSE,Entretenimiento
USR_460,Carga SUBE,transporte_publico,23617.43,saldo_billetera,TRUE,Transporte
USR_237,Administracion Lopez,alquiler_y_expensas,56254.13,tarjeta_debito,TRUE,Hogar
USR_443,Axion,combustible,76829.02,transferencia,TRUE,Transporte
USR_409,Metrovias,transporte_publico,99783.4,tarjeta_credito,TRUE,Transporte
USR_482,OSDE,cobertura_medica,9558.19,efectivo,TRUE,Salud
USR_194,Netflix,suscripciones_digitales,103700.06,tarjeta_credito,FALSE,Entretenimiento
USR_221,Vantage,farmacia,117972.76,saldo_billetera,TRUE,Salud
USR_179,Uber,taxi_y_apps,41829.81,efectivo,FALSE,Transporte
USR_082,Hospital Italiano,atencion_medica,58849.54,saldo_billetera,TRUE,Salud
USR_418,Swiss Medical,cobertura_medica,67073.94,transferencia,TRUE,Salud
USR_395,Metrogas,servicios_basicos,51416.71,tarjeta_credito,TRUE,Hogar
USR_252,Inmobiliaria Sur,alquiler_y_expensas,2058.14,tarjeta_credito,TRUE,Hogar
USR_323,Jumbo,supermercado,78971.31,tarjeta_credito,TRUE,Alimentacion
USR_319,Steam Games,hobbies_y_deportes,103871.9,tarjeta_credito,FALSE,Entretenimiento
USR_325,Transferencia a Juan,transferencias,64064.46,tarjeta_debito,FALSE,Finanzas
USR_239,Lubricentro,mantenimiento_vehicular,119022.47,transferencia,TRUE,Transporte